,eps,n_samples,silhouette_score
0,32,1,0.480281542892534
0,31,1,0.4772212427219967
0,39,1,0.475866011055988
0,30,1,0.4758504529677456
0,38,1,0.47261562337431057
0,33,1,0.4705889218994743
0,37,1,0.46928477040223343
0,29,1,0.4690761375162101
0,43,1,0.4688805258845471
0,36,1,0.4682552673608196
0,40,1,0.46571846313103943
0,41,1,0.46392023979194286
0,35,1,0.4634750152037741
0,28,1,0.4612432893065397
0,34,1,0.4611587915474156
0,42,1,0.4548914485029035
0,27,1,0.4517507976456244
0,26,1,0.4408464695839235
0,87,2,0.4396375166225305
0,25,1,0.4374832091831411
0,87,1,0.43284947588034467
0,24,1,0.4307920032933194
0,23,1,0.4175777181661625
0,44,1,0.41045714031748687
0,45,1,0.4017748837347606
0,22,1,0.40034728256627655
0,20,1,0.3961553215520068
0,21,1,0.39455428279089905
0,43,2,0.3922663024183207
0,46,1,0.390963025957518
0,39,2,0.3837442448299208
0,38,2,0.3830122659513037
0,41,2,0.38202882956114254
0,47,1,0.3816383116317407
0,40,2,0.3793682154248788
0,42,2,0.37525729485788445
0,19,1,0.3727163002585536
0,37,2,0.37217548467833267
0,36,2,0.37042385870652567
0,87,3,0.3692187831768157
0,18,1,0.3687715003654574
0,85,2,0.3683638879479867
0,85,1,0.36555321761315
0,31,2,0.3645050423270505
0,86,2,0.3631645222317893
0,96,2,0.3628256336789549
0,84,2,0.36279679143287186
0,83,2,0.36279679143287186
0,32,2,0.3623748361268302
0,95,2,0.36198562353191677
0,82,2,0.36178416086592935
0,48,1,0.3606223936429272
0,84,1,0.35998496823854054
0,83,1,0.35998496823854054
0,35,2,0.35972060300227426
0,94,2,0.35940269910072986
0,30,2,0.35898758065829495
0,82,1,0.358442813160241
0,86,1,0.358136480478597
0,93,2,0.35776500472417344
0,60,1,0.3577504691315763
0,92,2,0.3561793695644889
0,49,1,0.356163772375378
0,33,2,0.35588378530430353
0,90,2,0.35517786439987975
0,91,2,0.3551100666330318
0,96,1,0.353956636953315
0,95,1,0.35383296491800187
0,34,2,0.3521690814443219
0,94,1,0.35192909072071915
0,17,1,0.3514179155369796
0,29,2,0.35005508136770086
0,93,1,0.34985801091767815
0,90,1,0.3497370217199076
0,92,1,0.34861708910967343
0,91,1,0.3485238944436531
0,51,1,0.34507283653699583
0,59,1,0.34466274976450356
0,57,1,0.3401809028030717
0,50,1,0.33948300284871263
0,89,2,0.33937752850762654
0,28,2,0.3390344437616055
0,44,2,0.3382241759582423
0,43,5,0.33822134534323084
0,56,1,0.33820598072884506
0,52,1,0.3376062176733124
0,88,2,0.33735078580298766
0,55,1,0.33487131578915025
0,53,1,0.3342567057026874
0,89,1,0.33419465688394795
0,16,1,0.3339398475895825
0,88,1,0.3332526380847894
0,45,2,0.33211673984419443
0,42,5,0.328393528075228
0,27,2,0.3274666309660611
0,54,1,0.32697462670153093
0,46,2,0.3226898741852396
0,47,2,0.3160932886751265
0,58,1,0.3157188771855779
0,41,5,0.3148077975188557
0,96,3,0.31281268828347436
0,15,1,0.31262497620639873
0,76,1,0.3119909332438186
0,26,2,0.31052801980385164
0,77,1,0.3092854486654836
0,78,1,0.3092854486654836
0,95,3,0.309214909710761
0,39,5,0.3079642847261749
0,79,1,0.3077125860588607
0,94,3,0.3059905317912066
0,38,5,0.30549273333440335
0,40,5,0.305187742365205
0,79,2,0.30504741035773936
0,60,2,0.30465948916289565
0,93,3,0.30179579592683203
0,92,3,0.3002114531351206
0,25,2,0.29813576363728994
0,37,5,0.2968033270330363
0,76,2,0.29678915743950046
0,61,1,0.2963370787004156
0,91,3,0.2963040870043688
0,14,1,0.29615496504822814
0,81,1,0.2960909810103568
0,81,2,0.295099112520545
0,77,2,0.29408211403495743
0,78,2,0.29408211403495743
0,90,3,0.2936788479726579
0,59,2,0.2915773239449675
0,80,1,0.29134828132990537
0,48,2,0.29005469189096295
0,74,1,0.2900192525328283
0,75,1,0.2894054199381789
0,85,3,0.2892796973454234
0,80,2,0.2886817323497752
0,57,2,0.28784025688884646
0,49,2,0.2878310709302568
0,24,2,0.28709327691215436
0,86,3,0.28678397493776814
0,56,2,0.2839342516188076
0,84,3,0.2833770656349191
0,83,3,0.2833770656349191
0,51,2,0.2828395376663012
0,99,2,0.28282302448782426
0,85,10,0.28250116989621343
0,98,2,0.282097385857704
0,97,2,0.2809475281180595
0,82,3,0.28018609474971945
0,13,1,0.28016512194357807
0,36,5,0.2796296963110609
0,83,10,0.27928281893557044
0,55,2,0.2787114542590175
0,73,1,0.2777517093397268
0,72,1,0.2776940941117622
0,52,2,0.277318866064978
0,84,10,0.2766952956139869
0,63,1,0.2764262679486063
0,53,2,0.2762526329301206
0,50,2,0.2760596303585708
0,62,1,0.2753864585077136
0,84,8,0.27520611565575553
0,83,8,0.27520611565575553
0,82,10,0.2749649579241497
0,66,1,0.2746110821673785
0,91,11,0.27422559374592564
0,97,1,0.2737529233459938
0,99,1,0.2730520448305103
0,46,6,0.2725801456393256
0,67,1,0.2723008844634396
0,64,1,0.27195859755586366
0,65,1,0.2718511083699408
0,98,1,0.27182842796615664
0,68,1,0.2715599319445075
0,69,1,0.2715599319445075
0,89,3,0.2713695271160664
0,88,10,0.27109375319087187
0,95,11,0.27052701530298906
0,75,2,0.2703561569518988
0,90,11,0.27033423189694256
0,88,3,0.2694915305569005
0,54,2,0.26928277880811835
0,82,8,0.26882839447466367
0,81,8,0.26874805983559447
0,70,1,0.26863646526656404
0,74,2,0.26847164600578116
0,44,6,0.2682696087474555
0,47,6,0.26816959024288833
0,87,10,0.2668144460682307
0,86,10,0.2668144460682307
0,43,6,0.26629368824889954
0,71,1,0.26626493861784245
0,94,11,0.2652405504848741
0,80,8,0.26423672896541023
0,45,6,0.26405552954502876
0,23,2,0.263814421411785
0,58,2,0.26357256168997417
0,87,4,0.26264535284083
0,90,9,0.2621302897472622
0,79,8,0.26184741643782977
0,96,9,0.2614828507746582
0,89,9,0.2611617693785743
0,48,6,0.26080717873707293
0,92,11,0.2600828384229998
0,42,6,0.2600595393640904
0,98,9,0.2599553287637226
0,97,9,0.2599553287637226
0,12,1,0.25990940922274824
0,95,9,0.25975658986295996
0,93,11,0.2592909361631151
0,88,9,0.2586783012740852
0,93,9,0.25760276350192624
0,94,9,0.25760276350192624
0,92,9,0.25760276350192624
0,89,10,0.25748743419416764
0,93,12,0.2574456736820806
0,50,6,0.2572938473561407
0,53,7,0.25669962787269585
0,43,3,0.2565180898487145
0,27,4,0.2558034254292378
0,34,4,0.2557439260363909
0,35,4,0.2553682065973034
0,52,7,0.2549411046006988
0,76,9,0.2548131898454477
0,89,11,0.2542071099202172
0,78,8,0.2540440311834462
0,50,7,0.2533905837987863
0,74,9,0.2521705798336166
0,32,4,0.2517625168464919
0,77,9,0.2516287567329874
0,41,6,0.2504598464728839
0,96,11,0.2504012655719144
0,73,9,0.24949615697448985
0,79,10,0.2493642498919097
0,35,5,0.24918363002770696
0,49,6,0.24850049617282294
0,87,9,0.24789323685802075
0,81,9,0.2473516074193991
0,33,4,0.2470424181469706
0,34,5,0.24703704981973598
0,77,8,0.24692338625652355
0,94,12,0.24670780288443808
0,96,12,0.24651506647892907
0,49,7,0.24569670202912078
0,85,9,0.24562298359483617
0,80,9,0.24492559237295297
0,11,1,0.244830736100225
0,75,9,0.24422226454328427
0,61,2,0.24401445738650698
0,76,7,0.24345277742875915
0,92,10,0.24328991913961232
0,76,8,0.24296834124611816
0,72,9,0.2429308376985527
0,41,3,0.24292433454670684
0,54,6,0.2429222834804974
0,80,10,0.24229523171042916
0,79,7,0.24212506880003906
0,48,7,0.24203168228205219
0,38,3,0.24202990110286662
0,42,3,0.24198421821010915
0,75,8,0.24175180214708156
0,81,10,0.2414568820349139
0,95,12,0.24116532891682288
0,84,9,0.2409476103763015
0,73,2,0.2408978027814691
0,93,10,0.24084593712921995
0,95,8,0.24039095513546785
0,96,8,0.24039095513546785
0,22,2,0.24024400769881882
0,72,2,0.24017357017806334
0,40,3,0.23956892828083923
0,94,8,0.23929558242718701
0,93,8,0.23904127834984978
0,91,8,0.23904127834984978
0,92,8,0.23904127834984978
0,65,7,0.23894576131270212
0,51,7,0.2389320783371743
0,91,10,0.23816258245565816
0,63,7,0.2381378391144457
0,99,3,0.23793794759373152
0,90,10,0.23793383273710714
0,26,4,0.23785977953336052
0,90,8,0.23773683076647273
0,79,9,0.2377270656095177
0,39,3,0.23742803863446807
0,69,8,0.2372159037646694
0,85,11,0.23716965816678992
0,51,6,0.23703906508868805
0,86,11,0.23671363367804785
0,75,7,0.23659739773091332
0,92,12,0.23653673756972984
0,53,6,0.23648518338010024
0,84,11,0.23618260172272015
0,88,11,0.2359735072644742
0,37,3,0.23562515891853691
0,83,9,0.23559023981970456
0,78,10,0.23532802650590834
0,47,7,0.23526515944983017
0,40,6,0.2351839741496616
0,98,3,0.23514382969396233
0,31,4,0.23477036184331773
0,78,7,0.23457696487136945
0,82,9,0.23371075351160203
0,77,7,0.23347592512447998
0,86,9,0.2331626669493041
0,69,2,0.23297519986648424
0,68,2,0.23297519986648424
0,54,7,0.23268968040114213
0,36,3,0.23241085146590343
0,62,7,0.23231240354470997
0,90,12,0.23210135438884877
0,97,3,0.23179526748057896
0,46,7,0.2317731487633812
0,66,2,0.23148434703692786
0,91,12,0.2314799254124431
0,67,2,0.23091683021214016
0,83,11,0.23016315167178492
0,70,2,0.23004984450218866
0,63,2,0.23000378107637373
0,52,6,0.22984475385421232
0,97,12,0.22965216147626996
0,64,7,0.22883135325421625
0,71,2,0.22874621549770932
0,39,6,0.22840242012294182
0,57,8,0.22832645514447517
0,72,10,0.22816513436616068
0,87,11,0.22794230729661705
0,65,2,0.22781912866581527
0,66,7,0.22768087836415063
0,98,12,0.22759817116892433
0,99,12,0.22736809680064224
0,10,1,0.22736101890767035
0,64,2,0.22735529960809578
0,30,4,0.22722139067612013
0,71,7,0.22715970124796545
0,78,9,0.2268649217937847
0,55,6,0.22683735913049025
0,46,5,0.22679871187809253
0,69,7,0.22631868110565262
0,77,10,0.22574112936281865
0,75,10,0.22571706616934928
0,70,7,0.22571511547347292
0,61,7,0.22565958185866392
0,33,5,0.22505357810252416
0,47,5,0.22466867796377432
0,32,5,0.2243929095866938
0,60,7,0.22415342795548468
0,73,10,0.22411329729634086
0,76,10,0.22404064749876923
0,62,2,0.22390206671531496
0,68,7,0.22360482482694505
0,74,10,0.22325836522417933
0,59,7,0.22188451327979364
0,67,7,0.22115840994029368
0,45,5,0.2211050273076145
0,97,10,0.2208689251031764
0,25,4,0.21994372560040817
0,45,7,0.21991523576516145
0,87,5,0.21983442096149555
0,79,3,0.2197483025449475
0,74,8,0.2194363293819835
0,32,3,0.21936401607484715
0,44,5,0.2193134265491843
0,98,10,0.21869957611827787
0,98,14,0.21834860089445512
0,35,3,0.21808661245664432
0,70,8,0.21786082876386426
0,89,12,0.21770714914477607
0,73,8,0.21768222970064124
0,81,3,0.21564165079489916
0,67,8,0.2155817729660761
0,98,13,0.2155532237025756
0,29,4,0.21542078471231924
0,21,2,0.2152198302666868
0,99,13,0.21454190845154342
0,82,11,0.21377610246783288
0,72,8,0.21325991907475228
0,60,8,0.2130264563710848
0,58,7,0.21302507354864947
0,38,6,0.21297067505266656
0,33,3,0.2127707627583981
0,34,3,0.21275210167028463
0,54,5,0.212468688850322
0,71,9,0.2117222562058073
0,68,8,0.2113050350801347
0,71,8,0.21124791724886954
0,53,5,0.21063665302032117
0,85,8,0.21062294945028967
0,99,14,0.2104006660804383
0,80,3,0.21024275634190104
0,66,8,0.20996832283420735
0,97,13,0.2098830875383121
0,69,9,0.209349859938283
0,88,12,0.20896205714536426
0,52,5,0.20879653255648914
0,44,3,0.20831855629224108
0,44,7,0.20783091821645625
0,61,8,0.20776144542143613
0,67,9,0.2074278372943808
0,68,9,0.2074278372943808
0,56,7,0.20734288601472867
0,55,7,0.20732479738380688
0,59,8,0.20702862448414858
0,63,9,0.20687726265399814
0,45,3,0.20675931511431933
0,76,3,0.20665389535448414
0,48,5,0.2066438984474973
0,58,8,0.20650203809644416
0,31,3,0.20626320507626592
0,71,10,0.20608164372973048
0,56,5,0.20582888887254594
0,74,7,0.20561946716117915
0,70,9,0.2051963832621615
0,73,7,0.20485587396887564
0,54,8,0.2048381796938931
0,50,5,0.20475314013644785
0,78,3,0.20394688510943232
0,77,3,0.20394688510943232
0,49,5,0.20370211371073688
0,81,11,0.20308020305241872
0,65,8,0.20298409632910933
0,20,2,0.20272693912416526
0,97,11,0.2024636988401387
0,98,11,0.2024636988401387
0,28,4,0.20169203501528532
0,64,8,0.20073497414497454
0,94,13,0.2001472608136684
0,91,9,0.1999669748127155
0,37,6,0.1999374566038073
0,95,7,0.19947365979626802
0,55,8,0.1991985412096487
0,96,7,0.19897783277439762
0,56,8,0.19890583560769107
0,30,3,0.1983510851383986
0,93,13,0.19816614508158314
0,57,7,0.19771620534168877
0,60,5,0.1972035973180366
0,99,11,0.19709926427599672
0,72,7,0.19708902358117855
0,95,4,0.1967522053722947
0,96,4,0.1967522053722947
0,46,3,0.1964489103986489
0,51,5,0.19605351533483464
0,62,9,0.19602366313555888
0,79,11,0.19555625446732403
0,55,5,0.19549903355544576
0,63,8,0.1953744125603397
0,66,9,0.1952877879930886
0,95,10,0.1951985060312549
0,96,10,0.1951985060312549
0,92,13,0.19479236709105352
0,62,8,0.19438725148491293
0,94,7,0.1943077184535302
0,57,5,0.19409811249571077
0,53,8,0.19335787790496975
0,95,14,0.19287076421456611
0,94,10,0.1922119901736288
0,9,1,0.191814328646857
0,47,3,0.1916372548480207
0,92,7,0.1910670281961941
0,93,7,0.1910670281961941
0,91,7,0.1910670281961941
0,74,11,0.19075511959859298
0,24,4,0.19049308971523463
0,90,7,0.1903625571518834
0,70,10,0.18949245640457757
0,29,3,0.18938850331984433
0,73,11,0.18917100548073112
0,81,7,0.1887627859494384
0,65,9,0.18863972409015672
0,94,4,0.18853057960760647
0,95,13,0.18851550369198353
0,80,11,0.1878675581314779
0,82,7,0.1877928817064138
0,98,8,0.18763711729066795
0,99,8,0.18763711729066795
0,60,3,0.18759647683369046
0,61,9,0.18726365945552165
0,93,4,0.18720469084733501
0,86,12,0.1865579154284195
0,92,4,0.1863533242064687
0,87,8,0.18570682642223696
0,86,8,0.18570682642223696
0,64,9,0.1851765902116382
0,96,14,0.18508270353684403
0,31,5,0.18471279683858513
0,97,8,0.18424586482287753
0,80,7,0.1841487938319814
0,85,12,0.18377891621623454
0,94,14,0.18326321042239804
0,97,14,0.18279826039783598
0,43,7,0.18196604200414626
0,96,13,0.181413660197828
0,85,4,0.1812005095072337
0,84,12,0.18081830495339984
0,91,4,0.18026874804967316
0,59,5,0.17969924011604774
0,86,4,0.17958857065849027
0,83,12,0.17936361358855166
0,87,12,0.17918955348729093
0,83,4,0.17796820964985294
0,84,4,0.17796820964985294
0,93,14,0.17714194184832222
0,19,2,0.17697123119577388
0,58,9,0.1765812156225435
0,75,3,0.17600186617159386
0,78,11,0.17491208734352823
0,36,6,0.17482461329607785
0,59,3,0.1745137878981386
0,56,6,0.17433886971526208
0,37,4,0.17346374343272242
0,90,4,0.17297309562684615
0,77,11,0.17269390611511143
0,62,6,0.17245673205280124
0,82,4,0.17217647178301468
0,91,13,0.1718672161511059
0,60,9,0.17159030803943312
0,59,9,0.17144397411699644
0,43,4,0.17111976080832814
0,69,10,0.17109717898797613
0,28,3,0.17014394035410466
0,76,11,0.17013508137751926
0,42,7,0.1693923301259644
0,52,8,0.16896630458179385
0,99,15,0.16877006352063897
0,57,6,0.16808293673850075
0,74,3,0.16720641859789098
0,90,13,0.16717390028851092
0,82,12,0.16644483620014847
0,30,5,0.16642546471879457
0,36,4,0.16642252263863513
0,89,4,0.16615268049692974
0,68,10,0.16600126753450767
0,89,13,0.16566076529089732
0,41,7,0.1649344125382183
0,98,15,0.1648297485661231
0,81,12,0.16414072388335782
0,27,3,0.16383960823960791
0,8,1,0.16326549637012588
0,75,11,0.16307797182747363
0,58,5,0.16292621856745246
0,60,6,0.16245158150226222
0,67,10,0.1618769823395743
0,56,9,0.16170520279622785
0,57,9,0.160916072677242
0,48,3,0.16058317387276683
0,57,3,0.16033954700572323
0,42,4,0.16023923181866162
0,88,4,0.1594550226680937
0,61,6,0.15911681303287287
0,51,8,0.1590435833186523
0,97,15,0.15819544233842245
0,38,4,0.15749174135588306
0,72,11,0.15746719023433903
0,49,3,0.15706879215796796
0,80,12,0.1563283715287731
0,50,8,0.1560244020045394
0,39,4,0.15553741808075863
0,23,4,0.15490987239350754
0,40,4,0.15437774695235276
0,96,15,0.1533581670410734
0,66,10,0.15330648621278475
0,35,6,0.15321103600256838
0,56,3,0.15315556229289837
0,41,4,0.152532369112539
0,51,3,0.15222954565137753
0,55,3,0.15190500225352926
0,92,14,0.15177963504860645
0,26,3,0.15174159088721767
0,52,3,0.151017072407766
0,53,3,0.15046245500720185
0,55,9,0.1497537147489779
0,87,13,0.14765149441956674
0,91,14,0.14751390655183094
0,59,6,0.14737822141239776
0,88,13,0.1471389938058264
0,61,5,0.14713683804922675
0,29,5,0.14674588393243337
0,86,7,0.14557788975341174
0,87,7,0.14557788975341174
0,54,3,0.1451189966473852
0,90,14,0.144663821036303
0,85,7,0.14420145471637613
0,95,15,0.144049122097069
0,93,15,0.1438040158665598
0,50,3,0.1435255408925937
0,58,3,0.14342525733745792
0,84,7,0.14271443120038965
0,83,7,0.14271443120038965
0,7,1,0.14260035655399428
0,63,6,0.14191616165721962
0,65,10,0.14112034756892897
0,71,11,0.1408249573065742
0,18,2,0.1404440465301473
0,40,7,0.1403094762762259
0,54,9,0.13985756710663938
0,73,3,0.13965343645391812
0,89,14,0.1395872758960115
0,99,9,0.13879663519245083
0,58,6,0.13860182621781006
0,69,11,0.13821740869264215
0,25,3,0.13792908907193804
0,63,10,0.13783047816982882
0,62,5,0.13737133454858438
0,34,6,0.13688331884721128
0,72,3,0.13603099568024046
0,86,5,0.13584883060449773
0,49,8,0.13516960425990598
0,78,12,0.134768199532264
0,85,5,0.1342614062394068
0,79,12,0.13406751389460184
0,39,7,0.13402298706343538
0,70,11,0.13331368301535412
0,86,13,0.13297505301095228
0,62,10,0.13264369488345656
0,88,14,0.13254288103306797
0,65,6,0.1324062582953197
0,64,6,0.1317551438415156
0,67,11,0.13155284433284667
0,68,11,0.1302017497383073
0,84,5,0.12933764288714772
0,24,3,0.12864440824695295
0,64,10,0.1283440492440892
0,61,3,0.12700538674921527
0,83,5,0.12666777473491722
0,94,15,0.1260747434271608
0,96,5,0.12603204071347623
0,95,5,0.12603204071347623
0,99,16,0.12599607042449382
0,68,3,0.12586962544734173
0,69,3,0.12586962544734173
0,48,8,0.12488211295765031
0,71,3,0.12460347860476435
0,87,6,0.12422041394316857
0,82,5,0.12380501364407208
0,70,3,0.122944422488117
0,85,13,0.12294253248218572
0,46,4,0.12249928884339167
0,67,6,0.12187976314414971
0,45,4,0.12186878480080357
0,99,4,0.12103364007926998
0,69,6,0.1207912533176936
0,68,6,0.1207912533176936
0,6,1,0.12020301556335262
0,77,12,0.11904695615102577
0,98,4,0.1189512755387151
0,38,7,0.11881043279911181
0,66,3,0.11831001416985902
0,94,5,0.11799744224753626
0,84,13,0.11725344596890949
0,44,4,0.11718093130814031
0,66,6,0.11715514496486079
0,93,5,0.11695856931073521
0,86,6,0.11629905729273299
0,97,4,0.11550292950759629
0,47,4,0.11548070148956849
0,67,3,0.11541520952077801
0,83,13,0.11534663431881856
0,65,3,0.11442793057450348
0,63,3,0.11372299945432132
0,47,8,0.11292991199327264
0,66,11,0.11264287632885145
0,22,4,0.11189800490584537
0,33,6,0.11163334017342891
0,98,16,0.11116557554962264
0,85,6,0.11036192560449794
0,28,5,0.10997540783838292
0,96,6,0.1097856396481972
0,92,15,0.10977285433976282
0,92,5,0.10972308612542007
0,64,3,0.10871494932152571
0,81,4,0.10856223875060685
0,95,6,0.1084908512179905
0,91,5,0.10841006966331085
0,90,5,0.10821312985683754
0,80,4,0.108099108713674
0,79,4,0.10759476592340037
0,60,10,0.10723474135722391
0,94,6,0.10719339913583836
0,99,7,0.10683652823356578
0,98,7,0.10683652823356578
0,97,7,0.10683652823356578
0,89,5,0.10669501353635154
0,93,6,0.10598015309250579
0,92,6,0.10598015309250579
0,88,5,0.1052688383311608
0,62,3,0.10508433454360394
0,65,11,0.10486152400676081
0,46,8,0.10360053160463789
0,91,15,0.10342427608625321
0,59,10,0.10283311748134528
0,5,1,0.10135349726097068
0,90,15,0.10032639663227928
0,76,12,0.10028386331203037
0,82,13,0.09961775304163796
0,23,3,0.09961389216300387
0,78,4,0.0995321966995314
0,88,6,0.09834945799162502
0,76,4,0.09794231870216033
0,91,6,0.09780612207319021
0,90,6,0.09766291559927398
0,17,2,0.09637380339252392
0,32,6,0.09611554585482714
0,77,4,0.09523584122801321
0,53,9,0.09338210604506025
0,80,13,0.09272715796598682
0,45,8,0.09046955619530805
0,99,10,0.09019192400653947
0,64,11,0.09011838172556005
0,61,10,0.08959916149134434
0,89,6,0.0883453972596971
0,85,14,0.08759003707554623
0,63,11,0.08612933910229621
0,81,13,0.08532143821957498
0,75,12,0.0845008690265795
0,87,14,0.0844831044219797
0,44,8,0.08191828188079654
0,89,7,0.08183909852626968
0,60,4,0.08131735874129215
0,49,4,0.08110464866427557
0,27,5,0.0809695338507248
0,58,10,0.08019676472031907
0,48,4,0.08000249455456022
0,74,12,0.07983923312759653
0,89,8,0.07976458625844877
0,88,8,0.0792431051214434
0,84,14,0.07870446129077094
0,22,3,0.07820398447738965
0,51,4,0.07636361420363155
0,72,6,0.07635712252432503
0,86,14,0.07619445697807205
0,79,13,0.07617193688913988
0,73,12,0.07549856493539822
0,4,1,0.0754706568626908
0,83,14,0.07489386859853431
0,54,4,0.07477882835167621
0,74,4,0.0744959434444852
0,75,4,0.0744959434444852
0,53,4,0.07442578771510448
0,57,10,0.07350520296020058
0,52,4,0.07322386299573945
0,52,9,0.07250485416514252
0,37,7,0.07071419064466593
0,72,12,0.0699744665309245
0,26,5,0.06880571386906202
0,62,11,0.06798891818431156
0,50,4,0.06513270189547962
0,16,2,0.06489291750458841
0,56,4,0.06450594320830433
0,59,4,0.06299589839907123
0,80,6,0.06253050251471852
0,76,5,0.06082404373020831
0,79,6,0.06078810835274162
0,56,10,0.06043700148973781
0,81,5,0.060190299188791874
0,57,4,0.060138584184558565
0,80,5,0.059072484617000966
0,79,5,0.05855807414742782
0,77,13,0.058524766049022174
0,98,5,0.05801105016106492
0,99,5,0.05801105016106492
0,97,16,0.05771531453515016
0,43,8,0.05758560774958695
0,55,4,0.05730766791607854
0,89,15,0.0572722234236818
0,77,5,0.05649792561517435
0,61,11,0.05458916669751623
0,82,6,0.05406361183099999
0,83,6,0.05406361183099999
0,21,3,0.0537327746726067
0,21,4,0.05338474245121148
0,76,6,0.05311433254791487
0,81,6,0.0508542179023858
0,78,13,0.04932723258301196
0,31,6,0.04859385768313387
0,97,5,0.048428716986183895
0,77,6,0.048380755389884664
0,78,6,0.048380755389884664
0,51,9,0.048320025375400186
0,84,6,0.04658911381628461
0,42,8,0.046125537555929706
0,78,5,0.043590432263227945
0,72,4,0.0432223770416309
0,73,4,0.0432223770416309
0,3,1,0.04220112646992133
0,75,5,0.0417289784974637
0,74,5,0.0417289784974637
0,76,13,0.041612614129012605
0,75,6,0.04117464242167091
0,25,5,0.04066576536875239
0,96,16,0.040552616215516216
0,73,5,0.04017399901764378
0,72,5,0.04017399901764378
0,74,6,0.03893100674431544
0,73,6,0.03837454163525716
0,71,12,0.03696455639104854
0,58,4,0.03579640967282525
0,71,4,0.031794284763296266
0,68,4,0.02985676450450842
0,69,4,0.02985676450450842
0,70,12,0.028922207769552274
0,70,4,0.02877872508853618
0,20,3,0.02842895203158713
0,63,4,0.02775337733760763
0,66,4,0.027318094571883986
0,93,16,0.027225140716175083
0,95,16,0.02687386489430946
0,82,14,0.02665101771935226
0,71,6,0.026219042133897332
0,65,4,0.026153531834039023
0,36,7,0.026047031415355835
0,97,6,0.02589988918547013
0,67,4,0.025833452903452802
0,94,16,0.02561964411148627
0,88,7,0.02529530363683136
0,60,11,0.025232768914386097
0,71,5,0.024926569432512192
0,62,4,0.023823232708100783
0,50,9,0.022933075183637346
0,64,4,0.021447474136661027
0,2,1,0.02120178940407571
0,61,4,0.020781218293659857
0,70,6,0.018735274892395976
0,69,12,0.018502604484557202
0,98,6,0.016390289674447635
0,99,6,0.016390289674447635
0,49,9,0.0156715828673111
0,81,14,0.013563255757171397
0,63,5,0.01152653826819997
0,98,17,0.01147778755714261
0,55,10,0.01024796759830276
0,41,8,0.009935057733227063
0,1,1,0.008100955879402811
0,88,15,0.007182987612270099
0,67,12,0.005881572563677863
0,30,6,0.005549800466356267
0,99,17,0.004874080631370863
0,67,5,0.004413290899860587
0,87,15,0.0030053536409983066
0,24,5,0.0025041797212776245
0,66,5,0.0009139504761597274
0,92,16,0.0007365475145953614
0,15,2,0.000573402421995768
0,75,13,7.383749046947464e-05
0,19,3,-0.0013486858898016099
0,64,5,-0.001999690154287991
0,40,8,-0.0021032183509848874
0,65,5,-0.002163470906536808
0,68,12,-0.002448338259581117
0,97,17,-0.003837948019012751
0,29,6,-0.005330909965203809
0,70,5,-0.007409494602255379
0,54,10,-0.008052549330441701
0,80,14,-0.00858673474124556
0,69,5,-0.010824937689283226
0,48,9,-0.011173081990498912
0,68,5,-0.011993893285421905
0,79,14,-0.012307733260950757
0,66,12,-0.013229464842337568
0,86,15,-0.01914455702212239
0,39,8,-0.019152768486237818
0,78,14,-0.020557785808571986
0,47,9,-0.02226077020116191
0,35,7,-0.0231351474882421
0,77,14,-0.024054133661065128
0,20,4,-0.024584483297215375
0,85,15,-0.025568086694534073
0,59,11,-0.027433825724802244
0,96,17,-0.02820490472377453
0,74,13,-0.030696064518047142
0,76,14,-0.031743855078617135
0,65,12,-0.03374159217365201
0,83,15,-0.035364681661253936
0,46,9,-0.03588855205290146
0,94,17,-0.03716832340452213
0,82,15,-0.037481963243225426
0,38,8,-0.03942512347954721
0,73,13,-0.039627994110385784
0,91,16,-0.043709168616322264
0,95,17,-0.045688124821290296
0,72,13,-0.045995431539805905
0,58,11,-0.04647357353177576
0,81,15,-0.04657474753103864
0,53,10,-0.047786663583167625
0,18,3,-0.049804396943293534
0,34,7,-0.05011454486384196
0,90,16,-0.05052488431024451
0,28,6,-0.05080029045074898
0,75,14,-0.05113922593952709
0,80,15,-0.05597457140321227
0,14,2,-0.05604210859374821
0,79,15,-0.05689663218900741
0,89,16,-0.057030345459951115
0,23,5,-0.05822958398401321
0,57,11,-0.05935047040345599
0,45,9,-0.06100777012785086
0,84,15,-0.061425955652351996
0,19,4,-0.06246823065234715
0,64,12,-0.0655938469048873
0,99,18,-0.07299997934987357
0,71,13,-0.07395625134115462
0,74,14,-0.07451153283848161
0,88,16,-0.07506351413539046
0,70,13,-0.07523733651050211
0,73,14,-0.07633887865000573
0,87,16,-0.07706215428009748
0,69,13,-0.07779555003003846
0,93,17,-0.07827320943265335
0,52,10,-0.07999211658719375
0,27,6,-0.08102781816923321
0,51,10,-0.08126792057348299
0,33,7,-0.08198429805326253
0,86,16,-0.08220239531244447
0,37,8,-0.0861554618461528
0,85,16,-0.08756000628042956
0,68,13,-0.0882350123723895
0,98,18,-0.08863582692354698
0,63,12,-0.0893877265088267
0,62,12,-0.08944149805258178
0,67,13,-0.08980361114627822
0,17,3,-0.09419276887326929
0,50,10,-0.09666242956272367
0,44,9,-0.09811946661553968
0,26,6,-0.10009250900845461
0,95,25,-0.10116508937580268
0,93,25,-0.10116508937580268
0,94,25,-0.10116508937580268
0,96,26,-0.10116508937580268
0,84,16,-0.10191927328746511
0,13,2,-0.10481660613704666
0,97,18,-0.10518732010812146
0,66,13,-0.10763783149811391
0,81,16,-0.10945488294782416
0,61,12,-0.10958674556071807
0,83,16,-0.11284649220728098
0,98,27,-0.11300236057859421
0,99,28,-0.11300236057859421
0,99,29,-0.11300236057859421
0,98,29,-0.11300236057859421
0,99,27,-0.11300236057859421
0,98,28,-0.11300236057859421
0,22,5,-0.11316164798713746
0,78,15,-0.11348963220683479
0,92,17,-0.11393879769886914
0,97,27,-0.11428575237540779
0,97,28,-0.11428575237540779
0,95,26,-0.11555750774384799
0,93,26,-0.11555750774384799
0,94,26,-0.11555750774384799
0,96,27,-0.11555750774384799
0,95,27,-0.11555750774384799
0,77,15,-0.11655608083524044
0,92,25,-0.11676699441434071
0,92,26,-0.11676699441434071
0,99,30,-0.11684152233376655
0,94,28,-0.11684152233376655
0,95,28,-0.11684152233376655
0,93,27,-0.11684152233376655
0,93,28,-0.11684152233376655
0,94,27,-0.11684152233376655
0,98,30,-0.11684152233376655
0,96,28,-0.11684152233376655
0,91,17,-0.11684153547984226
0,90,17,-0.11684153547984226
0,88,24,-0.11805006475678405
0,95,29,-0.11805006475678405
0,95,30,-0.11805006475678405
0,90,29,-0.11805006475678405
0,88,25,-0.11805006475678405
0,86,24,-0.11805006475678405
0,88,26,-0.11805006475678405
0,89,25,-0.11805006475678405
0,89,27,-0.11805006475678405
0,89,26,-0.11805006475678405
0,91,28,-0.11805006475678405
0,90,28,-0.11805006475678405
0,89,24,-0.11805006475678405
0,91,25,-0.11805006475678405
0,91,26,-0.11805006475678405
0,91,27,-0.11805006475678405
0,86,26,-0.11805006475678405
0,90,27,-0.11805006475678405
0,90,26,-0.11805006475678405
0,90,25,-0.11805006475678405
0,90,24,-0.11805006475678405
0,85,24,-0.11805006475678405
0,85,23,-0.11805006475678405
0,94,30,-0.11805006475678405
0,94,29,-0.11805006475678405
0,87,24,-0.11805006475678405
0,91,30,-0.11805006475678405
0,86,25,-0.11805006475678405
0,91,29,-0.11805006475678405
0,85,25,-0.11805006475678405
0,85,26,-0.11805006475678405
0,90,30,-0.11805006475678405
0,96,29,-0.11805006475678405
0,96,30,-0.11805006475678405
0,97,30,-0.11805006475678405
0,97,29,-0.11805006475678405
0,92,30,-0.11805006475678405
0,93,29,-0.11805006475678405
0,93,30,-0.11805006475678405
0,91,24,-0.11805006475678405
0,92,29,-0.11805006475678405
0,92,28,-0.11805006475678405
0,92,27,-0.11805006475678405
0,87,26,-0.11805006475678405
0,87,25,-0.11805006475678405
0,83,23,-0.11910805551108916
0,84,23,-0.11910805551108916
0,84,24,-0.11910805551108916
0,87,27,-0.11927303094362397
0,88,27,-0.11927303094362397
0,83,24,-0.12014786147959211
0,83,25,-0.12014786147959211
0,84,26,-0.12014786147959211
0,84,25,-0.12014786147959211
0,89,28,-0.12049544464935462
0,89,29,-0.12049544464935462
0,96,31,-0.12073511618858611
0,99,31,-0.12073511618858611
0,95,31,-0.12073511618858611
0,98,31,-0.12073511618858611
0,97,31,-0.12073511618858611
0,56,11,-0.12087431495431508
0,83,26,-0.12149277527335964
0,88,28,-0.12182734470747883
0,88,29,-0.12182734470747883
0,72,14,-0.1221337378758912
0,32,7,-0.12234446040946526
0,82,25,-0.12270720685222179
0,82,24,-0.12270720685222179
0,82,23,-0.12270720685222179
0,98,32,-0.12285570063264964
0,95,32,-0.12285570063264964
0,96,32,-0.12285570063264964
0,99,32,-0.12285570063264964
0,97,32,-0.12285570063264964
0,87,29,-0.12304510163919556
0,86,28,-0.12304510163919556
0,87,28,-0.12304510163919556
0,86,27,-0.12304510163919556
0,76,15,-0.12314006564491056
0,82,16,-0.12362106131449752
0,43,9,-0.12375636217373967
0,79,23,-0.12392098392106528
0,78,24,-0.12392098392106528
0,80,23,-0.12392098392106528
0,80,24,-0.12392098392106528
0,81,24,-0.12392098392106528
0,81,23,-0.12392098392106528
0,79,24,-0.12392098392106528
0,77,23,-0.12392098392106528
0,78,23,-0.12392098392106528
0,92,31,-0.12405824726566529
0,93,31,-0.12405824726566529
0,94,31,-0.12405824726566529
0,95,18,-0.12417634912918095
0,96,18,-0.1245867543609522
0,93,32,-0.12474220701125296
0,96,33,-0.12474220701125296
0,91,31,-0.12474220701125296
0,99,33,-0.12474220701125296
0,91,32,-0.12474220701125296
0,92,32,-0.12474220701125296
0,90,31,-0.12474220701125296
0,99,34,-0.12474220701125296
0,95,33,-0.12474220701125296
0,94,32,-0.12474220701125296
0,97,33,-0.12474220701125296
0,94,33,-0.12474220701125296
0,98,33,-0.12474220701125296
0,84,27,-0.12513055440337034
0,82,27,-0.12513055440337034
0,84,28,-0.12513055440337034
0,82,26,-0.12513055440337034
0,83,27,-0.12513055440337034
0,86,29,-0.12513055440337034
0,81,25,-0.12513055440337034
0,85,29,-0.12513055440337034
0,85,28,-0.12513055440337034
0,85,27,-0.12513055440337034
0,80,25,-0.12513055440337034
0,75,23,-0.1252833413097496
0,75,22,-0.1252833413097496
0,76,23,-0.1252833413097496
0,74,22,-0.1252833413097496
0,74,23,-0.1252833413097496
0,90,32,-0.12646222723335812
0,79,25,-0.12649254710038213
0,79,26,-0.12649254710038213
0,79,27,-0.12649254710038213
0,80,26,-0.12649254710038213
0,80,27,-0.12649254710038213
0,80,28,-0.12649254710038213
0,79,28,-0.12649254710038213
0,75,27,-0.12649254710038213
0,78,28,-0.12649254710038213
0,75,24,-0.12649254710038213
0,76,26,-0.12649254710038213
0,76,25,-0.12649254710038213
0,78,27,-0.12649254710038213
0,75,28,-0.12649254710038213
0,75,26,-0.12649254710038213
0,75,25,-0.12649254710038213
0,83,28,-0.12649254710038213
0,76,28,-0.12649254710038213
0,82,28,-0.12649254710038213
0,74,28,-0.12649254710038213
0,74,27,-0.12649254710038213
0,74,26,-0.12649254710038213
0,74,25,-0.12649254710038213
0,74,24,-0.12649254710038213
0,76,27,-0.12649254710038213
0,76,24,-0.12649254710038213
0,77,24,-0.12649254710038213
0,78,26,-0.12649254710038213
0,81,27,-0.12649254710038213
0,81,26,-0.12649254710038213
0,78,25,-0.12649254710038213
0,77,28,-0.12649254710038213
0,77,27,-0.12649254710038213
0,77,26,-0.12649254710038213
0,77,25,-0.12649254710038213
0,81,28,-0.12649254710038213
0,80,16,-0.12720183415599792
0,72,22,-0.12758429976453955
0,71,25,-0.12758429976453955
0,71,24,-0.12758429976453955
0,71,23,-0.12758429976453955
0,71,22,-0.12758429976453955
0,72,24,-0.12758429976453955
0,72,23,-0.12758429976453955
0,72,26,-0.12758429976453955
0,73,28,-0.12758429976453955
0,73,27,-0.12758429976453955
0,73,26,-0.12758429976453955
0,73,25,-0.12758429976453955
0,73,24,-0.12758429976453955
0,73,23,-0.12758429976453955
0,73,22,-0.12758429976453955
0,72,27,-0.12758429976453955
0,72,28,-0.12758429976453955
0,71,28,-0.12758429976453955
0,72,25,-0.12758429976453955
0,71,26,-0.12758429976453955
0,71,27,-0.12758429976453955
0,89,30,-0.12767875516245755
0,89,17,-0.12770235996759935
0,88,30,-0.1281818473970516
0,89,32,-0.1281818473970516
0,89,31,-0.1281818473970516
0,88,31,-0.1281818473970516
0,69,26,-0.12867979595717577
0,69,23,-0.12867979595717577
0,69,24,-0.12867979595717577
0,69,25,-0.12867979595717577
0,68,24,-0.12867979595717577
0,68,23,-0.12867979595717577
0,70,22,-0.12867979595717577
0,70,23,-0.12867979595717577
0,70,24,-0.12867979595717577
0,70,25,-0.12867979595717577
0,70,26,-0.12867979595717577
0,70,27,-0.12867979595717577
0,69,27,-0.12867979595717577
0,69,22,-0.12867979595717577
0,68,25,-0.12867979595717577
0,68,26,-0.12867979595717577
0,68,27,-0.12867979595717577
0,68,22,-0.12867979595717577
0,65,23,-0.12976444691713962
0,64,22,-0.12976444691713962
0,66,23,-0.12976444691713962
0,66,24,-0.12976444691713962
0,67,25,-0.12976444691713962
0,67,24,-0.12976444691713962
0,67,23,-0.12976444691713962
0,67,22,-0.12976444691713962
0,65,22,-0.12976444691713962
0,66,22,-0.12976444691713962
0,85,31,-0.12990664741111765
0,85,32,-0.12990664741111765
0,86,32,-0.12990664741111765
0,86,31,-0.12990664741111765
0,86,30,-0.12990664741111765
0,88,32,-0.12990664741111765
0,76,29,-0.12990664741111765
0,80,29,-0.12990664741111765
0,80,30,-0.12990664741111765
0,78,30,-0.12990664741111765
0,78,29,-0.12990664741111765
0,81,30,-0.12990664741111765
0,77,30,-0.12990664741111765
0,74,29,-0.12990664741111765
0,83,30,-0.12990664741111765
0,77,29,-0.12990664741111765
0,85,30,-0.12990664741111765
0,76,30,-0.12990664741111765
0,87,32,-0.12990664741111765
0,87,31,-0.12990664741111765
0,87,30,-0.12990664741111765
0,84,30,-0.12990664741111765
0,82,30,-0.12990664741111765
0,75,29,-0.12990664741111765
0,75,30,-0.12990664741111765
0,79,30,-0.12990664741111765
0,79,29,-0.12990664741111765
0,84,29,-0.1308949018215598
0,82,29,-0.1308949018215598
0,83,29,-0.1308949018215598
0,81,29,-0.1308949018215598
0,98,34,-0.1311692151061736
0,98,36,-0.1311692151061736
0,98,35,-0.1311692151061736
0,97,35,-0.1311692151061736
0,99,35,-0.1311692151061736
0,99,37,-0.1311692151061736
0,97,36,-0.1311692151061736
0,97,34,-0.1311692151061736
0,98,37,-0.1311692151061736
0,99,36,-0.1311692151061736
0,49,10,-0.13139619839497163
0,18,4,-0.13178937220407014
0,96,36,-0.13244483428834788
0,95,34,-0.13244483428834788
0,96,35,-0.13244483428834788
0,96,34,-0.13244483428834788
0,97,37,-0.13289217326631492
0,57,21,-0.133042821328845
0,63,22,-0.133042821328845
0,61,22,-0.133042821328845
0,64,23,-0.133042821328845
0,59,22,-0.133042821328845
0,62,22,-0.133042821328845
0,57,20,-0.133042821328845
0,60,22,-0.133042821328845
0,58,22,-0.133042821328845
0,58,21,-0.133042821328845
0,93,33,-0.13372500439559193
0,69,28,-0.1341581806407655
0,67,26,-0.1341581806407655
0,66,26,-0.1341581806407655
0,41,15,-0.1341581806407655
0,65,24,-0.1341581806407655
0,65,25,-0.1341581806407655
0,66,25,-0.1341581806407655
0,64,25,-0.1341581806407655
0,64,24,-0.1341581806407655
0,57,22,-0.1341581806407655
0,70,28,-0.1341581806407655
0,94,35,-0.1341682198350732
0,95,36,-0.1341682198350732
0,94,34,-0.1341682198350732
0,95,35,-0.1341682198350732
0,63,23,-0.13422399133526455
0,62,23,-0.13422399133526455
0,98,38,-0.13461472596591262
0,98,39,-0.13461472596591262
0,99,38,-0.13461472596591262
0,98,40,-0.13461472596591262
0,99,39,-0.13461472596591262
0,99,40,-0.13461472596591262
0,62,24,-0.13533747752495148
0,55,21,-0.13533747752495148
0,54,19,-0.13533747752495148
0,63,24,-0.13533747752495148
0,63,25,-0.13533747752495148
0,55,19,-0.13533747752495148
0,56,21,-0.13533747752495148
0,55,20,-0.13533747752495148
0,56,20,-0.13533747752495148
0,93,35,-0.13544889222396758
0,93,34,-0.13544889222396758
0,90,33,-0.13544889222396758
0,91,34,-0.13544889222396758
0,92,35,-0.13544889222396758
0,92,34,-0.13544889222396758
0,92,33,-0.13544889222396758
0,91,33,-0.13544889222396758
0,94,36,-0.13589119631650523
0,99,41,-0.1363431180152868
0,97,39,-0.1363431180152868
0,97,38,-0.1363431180152868
0,54,20,-0.13683593709140096
0,53,19,-0.13683593709140096
0,96,37,-0.1376201465669628
0,98,42,-0.1376201465669628
0,98,43,-0.1376201465669628
0,99,44,-0.1376201465669628
0,98,41,-0.1376201465669628
0,99,42,-0.1376201465669628
0,99,43,-0.1376201465669628
0,96,38,-0.1376201465669628
0,97,42,-0.1376201465669628
0,96,39,-0.1376201465669628
0,95,37,-0.1376201465669628
0,97,40,-0.1376201465669628
0,95,38,-0.1376201465669628
0,97,41,-0.1376201465669628
0,60,23,-0.13774452237321314
0,58,23,-0.13774452237321314
0,59,23,-0.13774452237321314
0,61,23,-0.13774452237321314
0,55,11,-0.13831521867616553
0,53,20,-0.13833578751012238
0,52,19,-0.13833578751012238
0,71,14,-0.13883975385626435
0,66,27,-0.13885179890106283
0,68,28,-0.13885179890106283
0,61,24,-0.13885179890106283
0,64,26,-0.13885179890106283
0,59,24,-0.13885179890106283
0,65,26,-0.13885179890106283
0,63,26,-0.13885179890106283
0,58,24,-0.13885179890106283
0,67,27,-0.13885179890106283
0,65,27,-0.13885179890106283
0,64,27,-0.13885179890106283
0,60,24,-0.13885179890106283
0,62,25,-0.13885179890106283
0,67,28,-0.13885179890106283
0,86,43,-0.13890196263474086
0,86,42,-0.13890196263474086
0,86,41,-0.13890196263474086
0,96,40,-0.13890196263474086
0,96,41,-0.13890196263474086
0,90,44,-0.13890196263474086
0,86,44,-0.13890196263474086
0,86,45,-0.13890196263474086
0,95,46,-0.13890196263474086
0,82,31,-0.13890196263474086
0,82,32,-0.13890196263474086
0,82,33,-0.13890196263474086
0,82,34,-0.13890196263474086
0,82,35,-0.13890196263474086
0,82,36,-0.13890196263474086
0,82,37,-0.13890196263474086
0,82,38,-0.13890196263474086
0,82,39,-0.13890196263474086
0,82,40,-0.13890196263474086
0,74,37,-0.13890196263474086
0,74,36,-0.13890196263474086
0,74,35,-0.13890196263474086
0,74,33,-0.13890196263474086
0,74,32,-0.13890196263474086
0,74,31,-0.13890196263474086
0,74,30,-0.13890196263474086
0,82,41,-0.13890196263474086
0,82,42,-0.13890196263474086
0,82,43,-0.13890196263474086
0,82,44,-0.13890196263474086
0,82,45,-0.13890196263474086
0,74,34,-0.13890196263474086
0,83,32,-0.13890196263474086
0,96,42,-0.13890196263474086
0,72,31,-0.13890196263474086
0,98,44,-0.13890196263474086
0,85,33,-0.13890196263474086
0,85,34,-0.13890196263474086
0,85,35,-0.13890196263474086
0,85,36,-0.13890196263474086
0,85,37,-0.13890196263474086
0,72,29,-0.13890196263474086
0,72,30,-0.13890196263474086
0,85,38,-0.13890196263474086
0,96,43,-0.13890196263474086
0,85,39,-0.13890196263474086
0,85,40,-0.13890196263474086
0,72,32,-0.13890196263474086
0,72,33,-0.13890196263474086
0,72,34,-0.13890196263474086
0,72,35,-0.13890196263474086
0,85,41,-0.13890196263474086
0,85,42,-0.13890196263474086
0,98,45,-0.13890196263474086
0,98,46,-0.13890196263474086
0,84,31,-0.13890196263474086
0,84,45,-0.13890196263474086
0,84,40,-0.13890196263474086
0,84,39,-0.13890196263474086
0,84,38,-0.13890196263474086
0,84,37,-0.13890196263474086
0,84,36,-0.13890196263474086
0,71,29,-0.13890196263474086
0,71,30,-0.13890196263474086
0,71,31,-0.13890196263474086
0,71,32,-0.13890196263474086
0,71,33,-0.13890196263474086
0,99,45,-0.13890196263474086
0,84,35,-0.13890196263474086
0,84,34,-0.13890196263474086
0,84,33,-0.13890196263474086
0,84,32,-0.13890196263474086
0,84,43,-0.13890196263474086
0,84,44,-0.13890196263474086
0,85,43,-0.13890196263474086
0,85,44,-0.13890196263474086
0,85,45,-0.13890196263474086
0,73,30,-0.13890196263474086
0,73,32,-0.13890196263474086
0,73,33,-0.13890196263474086
0,73,34,-0.13890196263474086
0,73,35,-0.13890196263474086
0,73,36,-0.13890196263474086
0,73,37,-0.13890196263474086
0,86,33,-0.13890196263474086
0,86,34,-0.13890196263474086
0,86,35,-0.13890196263474086
0,86,36,-0.13890196263474086
0,86,37,-0.13890196263474086
0,86,38,-0.13890196263474086
0,86,39,-0.13890196263474086
0,86,40,-0.13890196263474086
0,96,46,-0.13890196263474086
0,96,45,-0.13890196263474086
0,96,44,-0.13890196263474086
0,73,31,-0.13890196263474086
0,73,29,-0.13890196263474086
0,83,45,-0.13890196263474086
0,83,31,-0.13890196263474086
0,83,44,-0.13890196263474086
0,83,43,-0.13890196263474086
0,83,42,-0.13890196263474086
0,83,41,-0.13890196263474086
0,97,46,-0.13890196263474086
0,97,45,-0.13890196263474086
0,83,40,-0.13890196263474086
0,83,39,-0.13890196263474086
0,83,38,-0.13890196263474086
0,83,37,-0.13890196263474086
0,83,36,-0.13890196263474086
0,83,35,-0.13890196263474086
0,83,34,-0.13890196263474086
0,83,33,-0.13890196263474086
0,97,44,-0.13890196263474086
0,97,43,-0.13890196263474086
0,95,44,-0.13890196263474086
0,95,45,-0.13890196263474086
0,75,43,-0.13890196263474086
0,95,43,-0.13890196263474086
0,80,35,-0.13890196263474086
0,92,37,-0.13890196263474086
0,92,36,-0.13890196263474086
0,80,42,-0.13890196263474086
0,80,41,-0.13890196263474086
0,80,40,-0.13890196263474086
0,80,39,-0.13890196263474086
0,80,38,-0.13890196263474086
0,80,37,-0.13890196263474086
0,84,41,-0.13890196263474086
0,80,36,-0.13890196263474086
0,80,34,-0.13890196263474086
0,91,44,-0.13890196263474086
0,78,31,-0.13890196263474086
0,78,32,-0.13890196263474086
0,78,33,-0.13890196263474086
0,78,34,-0.13890196263474086
0,80,33,-0.13890196263474086
0,80,32,-0.13890196263474086
0,80,31,-0.13890196263474086
0,89,40,-0.13890196263474086
0,89,41,-0.13890196263474086
0,91,46,-0.13890196263474086
0,80,43,-0.13890196263474086
0,92,38,-0.13890196263474086
0,92,39,-0.13890196263474086
0,92,40,-0.13890196263474086
0,77,35,-0.13890196263474086
0,77,36,-0.13890196263474086
0,77,37,-0.13890196263474086
0,77,38,-0.13890196263474086
0,77,39,-0.13890196263474086
0,77,40,-0.13890196263474086
0,77,41,-0.13890196263474086
0,77,42,-0.13890196263474086
0,77,43,-0.13890196263474086
0,77,44,-0.13890196263474086
0,89,35,-0.13890196263474086
0,89,36,-0.13890196263474086
0,89,37,-0.13890196263474086
0,89,38,-0.13890196263474086
0,92,46,-0.13890196263474086
0,89,39,-0.13890196263474086
0,92,45,-0.13890196263474086
0,92,44,-0.13890196263474086
0,92,43,-0.13890196263474086
0,92,42,-0.13890196263474086
0,92,41,-0.13890196263474086
0,91,45,-0.13890196263474086
0,91,43,-0.13890196263474086
0,95,42,-0.13890196263474086
0,79,31,-0.13890196263474086
0,90,46,-0.13890196263474086
0,90,45,-0.13890196263474086
0,79,43,-0.13890196263474086
0,79,42,-0.13890196263474086
0,90,36,-0.13890196263474086
0,90,37,-0.13890196263474086
0,90,38,-0.13890196263474086
0,90,39,-0.13890196263474086
0,90,40,-0.13890196263474086
0,90,41,-0.13890196263474086
0,79,32,-0.13890196263474086
0,91,42,-0.13890196263474086
0,79,33,-0.13890196263474086
0,79,34,-0.13890196263474086
0,79,35,-0.13890196263474086
0,79,36,-0.13890196263474086
0,79,37,-0.13890196263474086
0,79,38,-0.13890196263474086
0,79,39,-0.13890196263474086
0,79,40,-0.13890196263474086
0,79,41,-0.13890196263474086
0,90,42,-0.13890196263474086
0,79,44,-0.13890196263474086
0,90,35,-0.13890196263474086
0,90,34,-0.13890196263474086
0,89,46,-0.13890196263474086
0,78,35,-0.13890196263474086
0,78,36,-0.13890196263474086
0,78,37,-0.13890196263474086
0,78,38,-0.13890196263474086
0,78,39,-0.13890196263474086
0,78,40,-0.13890196263474086
0,78,41,-0.13890196263474086
0,78,42,-0.13890196263474086
0,78,43,-0.13890196263474086
0,78,44,-0.13890196263474086
0,91,41,-0.13890196263474086
0,91,40,-0.13890196263474086
0,91,39,-0.13890196263474086
0,91,38,-0.13890196263474086
0,91,37,-0.13890196263474086
0,91,36,-0.13890196263474086
0,91,35,-0.13890196263474086
0,89,42,-0.13890196263474086
0,89,43,-0.13890196263474086
0,89,44,-0.13890196263474086
0,89,45,-0.13890196263474086
0,77,34,-0.13890196263474086
0,77,33,-0.13890196263474086
0,77,32,-0.13890196263474086
0,94,45,-0.13890196263474086
0,75,41,-0.13890196263474086
0,75,42,-0.13890196263474086
0,90,43,-0.13890196263474086
0,87,45,-0.13890196263474086
0,87,46,-0.13890196263474086
0,81,45,-0.13890196263474086
0,81,44,-0.13890196263474086
0,81,43,-0.13890196263474086
0,94,46,-0.13890196263474086
0,81,42,-0.13890196263474086
0,81,41,-0.13890196263474086
0,77,31,-0.13890196263474086
0,94,44,-0.13890196263474086
0,94,43,-0.13890196263474086
0,94,42,-0.13890196263474086
0,94,41,-0.13890196263474086
0,81,40,-0.13890196263474086
0,94,40,-0.13890196263474086
0,94,39,-0.13890196263474086
0,94,38,-0.13890196263474086
0,94,37,-0.13890196263474086
0,81,39,-0.13890196263474086
0,75,40,-0.13890196263474086
0,75,39,-0.13890196263474086
0,75,38,-0.13890196263474086
0,75,37,-0.13890196263474086
0,95,41,-0.13890196263474086
0,87,33,-0.13890196263474086
0,87,34,-0.13890196263474086
0,87,35,-0.13890196263474086
0,87,36,-0.13890196263474086
0,87,37,-0.13890196263474086
0,87,38,-0.13890196263474086
0,75,31,-0.13890196263474086
0,75,32,-0.13890196263474086
0,87,39,-0.13890196263474086
0,87,40,-0.13890196263474086
0,95,40,-0.13890196263474086
0,95,39,-0.13890196263474086
0,87,41,-0.13890196263474086
0,87,42,-0.13890196263474086
0,87,43,-0.13890196263474086
0,87,44,-0.13890196263474086
0,75,33,-0.13890196263474086
0,75,34,-0.13890196263474086
0,75,35,-0.13890196263474086
0,75,36,-0.13890196263474086
0,81,38,-0.13890196263474086
0,81,37,-0.13890196263474086
0,81,36,-0.13890196263474086
0,88,39,-0.13890196263474086
0,93,45,-0.13890196263474086
0,93,44,-0.13890196263474086
0,93,43,-0.13890196263474086
0,93,42,-0.13890196263474086
0,93,41,-0.13890196263474086
0,88,40,-0.13890196263474086
0,93,40,-0.13890196263474086
0,93,39,-0.13890196263474086
0,93,38,-0.13890196263474086
0,93,37,-0.13890196263474086
0,88,41,-0.13890196263474086
0,88,42,-0.13890196263474086
0,88,43,-0.13890196263474086
0,88,44,-0.13890196263474086
0,88,45,-0.13890196263474086
0,93,36,-0.13890196263474086
0,88,46,-0.13890196263474086
0,80,45,-0.13890196263474086
0,80,44,-0.13890196263474086
0,89,33,-0.13890196263474086
0,89,34,-0.13890196263474086
0,93,46,-0.13890196263474086
0,88,38,-0.13890196263474086
0,81,35,-0.13890196263474086
0,76,43,-0.13890196263474086
0,76,31,-0.13890196263474086
0,76,32,-0.13890196263474086
0,76,33,-0.13890196263474086
0,76,34,-0.13890196263474086
0,76,35,-0.13890196263474086
0,76,36,-0.13890196263474086
0,76,37,-0.13890196263474086
0,76,38,-0.13890196263474086
0,76,39,-0.13890196263474086
0,76,40,-0.13890196263474086
0,81,34,-0.13890196263474086
0,81,33,-0.13890196263474086
0,81,32,-0.13890196263474086
0,81,31,-0.13890196263474086
0,88,33,-0.13890196263474086
0,88,34,-0.13890196263474086
0,88,35,-0.13890196263474086
0,88,36,-0.13890196263474086
0,88,37,-0.13890196263474086
0,76,41,-0.13890196263474086
0,76,42,-0.13890196263474086
0,84,42,-0.13890196263474086
0,99,46,-0.13890196263474086
0,46,20,-0.13890196263474086
0,48,23,-0.13890196263474086
0,44,20,-0.13890196263474086
0,44,19,-0.13890196263474086
0,44,18,-0.13890196263474086
0,67,29,-0.13890196263474086
0,41,18,-0.13890196263474086
0,41,19,-0.13890196263474086
0,53,24,-0.13890196263474086
0,53,23,-0.13890196263474086
0,53,22,-0.13890196263474086
0,41,21,-0.13890196263474086
0,43,22,-0.13890196263474086
0,48,20,-0.13890196263474086
0,48,21,-0.13890196263474086
0,48,22,-0.13890196263474086
0,68,29,-0.13890196263474086
0,69,31,-0.13890196263474086
0,68,30,-0.13890196263474086
0,68,31,-0.13890196263474086
0,57,25,-0.13890196263474086
0,52,24,-0.13890196263474086
0,52,23,-0.13890196263474086
0,52,22,-0.13890196263474086
0,42,18,-0.13890196263474086
0,42,19,-0.13890196263474086
0,42,20,-0.13890196263474086
0,42,21,-0.13890196263474086
0,49,20,-0.13890196263474086
0,49,21,-0.13890196263474086
0,49,22,-0.13890196263474086
0,69,29,-0.13890196263474086
0,47,23,-0.13890196263474086
0,47,22,-0.13890196263474086
0,47,21,-0.13890196263474086
0,59,26,-0.13890196263474086
0,63,27,-0.13890196263474086
0,62,27,-0.13890196263474086
0,50,24,-0.13890196263474086
0,45,23,-0.13890196263474086
0,45,22,-0.13890196263474086
0,55,24,-0.13890196263474086
0,45,21,-0.13890196263474086
0,45,20,-0.13890196263474086
0,45,19,-0.13890196263474086
0,38,16,-0.13890196263474086
0,61,26,-0.13890196263474086
0,44,23,-0.13890196263474086
0,44,22,-0.13890196263474086
0,44,21,-0.13890196263474086
0,46,19,-0.13890196263474086
0,39,16,-0.13890196263474086
0,46,21,-0.13890196263474086
0,46,22,-0.13890196263474086
0,46,23,-0.13890196263474086
0,60,26,-0.13890196263474086
0,39,17,-0.13890196263474086
0,54,24,-0.13890196263474086
0,54,23,-0.13890196263474086
0,40,17,-0.13890196263474086
0,66,28,-0.13890196263474086
0,40,18,-0.13890196263474086
0,40,19,-0.13890196263474086
0,40,20,-0.13890196263474086
0,47,20,-0.13890196263474086
0,69,30,-0.13890196263474086
0,41,20,-0.13890196263474086
0,70,32,-0.13890196263474086
0,70,29,-0.13890196263474086
0,43,18,-0.13890196263474086
0,70,31,-0.13890196263474086
0,49,23,-0.13890196263474086
0,49,24,-0.13890196263474086
0,51,23,-0.13890196263474086
0,43,20,-0.13890196263474086
0,70,30,-0.13890196263474086
0,51,24,-0.13890196263474086
0,51,22,-0.13890196263474086
0,43,19,-0.13890196263474086
0,50,21,-0.13890196263474086
0,50,23,-0.13890196263474086
0,50,22,-0.13890196263474086
0,43,21,-0.13890196263474086
0,60,12,-0.13954196205908814
0,94,18,-0.1398816925256475
0,43,16,-0.14015050877422205
0,47,17,-0.14015050877422205
0,47,16,-0.14015050877422205
0,46,16,-0.14015050877422205
0,44,16,-0.14015050877422205
0,48,17,-0.14015050877422205
0,45,16,-0.14015050877422205
0,46,17,-0.14015050877422205
0,45,17,-0.14015050877422205
0,57,23,-0.1401515892012146
0,74,38,-0.1402592561966391
0,67,31,-0.1402592561966391
0,74,39,-0.1402592561966391
0,74,40,-0.1402592561966391
0,66,36,-0.1402592561966391
0,67,32,-0.1402592561966391
0,74,41,-0.1402592561966391
0,74,42,-0.1402592561966391
0,67,30,-0.1402592561966391
0,69,32,-0.1402592561966391
0,66,35,-0.1402592561966391
0,69,33,-0.1402592561966391
0,71,34,-0.1402592561966391
0,71,35,-0.1402592561966391
0,71,36,-0.1402592561966391
0,71,37,-0.1402592561966391
0,71,38,-0.1402592561966391
0,71,39,-0.1402592561966391
0,78,45,-0.1402592561966391
0,65,28,-0.1402592561966391
0,70,39,-0.1402592561966391
0,70,38,-0.1402592561966391
0,70,37,-0.1402592561966391
0,70,36,-0.1402592561966391
0,70,35,-0.1402592561966391
0,70,34,-0.1402592561966391
0,66,29,-0.1402592561966391
0,66,30,-0.1402592561966391
0,70,33,-0.1402592561966391
0,67,34,-0.1402592561966391
0,66,31,-0.1402592561966391
0,66,32,-0.1402592561966391
0,66,33,-0.1402592561966391
0,67,33,-0.1402592561966391
0,66,34,-0.1402592561966391
0,67,35,-0.1402592561966391
0,79,45,-0.1402592561966391
0,72,37,-0.1402592561966391
0,68,32,-0.1402592561966391
0,72,39,-0.1402592561966391
0,73,41,-0.1402592561966391
0,73,40,-0.1402592561966391
0,73,39,-0.1402592561966391
0,73,38,-0.1402592561966391
0,68,33,-0.1402592561966391
0,68,34,-0.1402592561966391
0,68,35,-0.1402592561966391
0,68,36,-0.1402592561966391
0,68,37,-0.1402592561966391
0,68,38,-0.1402592561966391
0,72,38,-0.1402592561966391
0,67,36,-0.1402592561966391
0,72,36,-0.1402592561966391
0,72,40,-0.1402592561966391
0,69,38,-0.1402592561966391
0,69,34,-0.1402592561966391
0,69,37,-0.1402592561966391
0,69,36,-0.1402592561966391
0,69,35,-0.1402592561966391
0,65,13,-0.14036878121547663
0,56,25,-0.14053226366331664
0,57,26,-0.14053226366331664
0,54,25,-0.14053226366331664
0,56,26,-0.14053226366331664
0,55,26,-0.14053226366331664
0,53,25,-0.14053226366331664
0,52,25,-0.14053226366331664
0,55,25,-0.14053226366331664
0,58,26,-0.14053226366331664
0,79,16,-0.14135672116763465
0,62,26,-0.14141959060293835
0,55,22,-0.14144291751034194
0,56,22,-0.14144291751034194
0,64,13,-0.14161903113975768
0,63,31,-0.14162826872532172
0,64,32,-0.14162826872532172
0,61,28,-0.14162826872532172
0,69,39,-0.14162826872532172
0,76,44,-0.14162826872532172
0,63,28,-0.14162826872532172
0,72,42,-0.14162826872532172
0,72,41,-0.14162826872532172
0,61,27,-0.14162826872532172
0,64,33,-0.14162826872532172
0,64,31,-0.14162826872532172
0,64,30,-0.14162826872532172
0,60,27,-0.14162826872532172
0,62,28,-0.14162826872532172
0,64,29,-0.14162826872532172
0,62,29,-0.14162826872532172
0,64,28,-0.14162826872532172
0,63,29,-0.14162826872532172
0,63,32,-0.14162826872532172
0,63,30,-0.14162826872532172
0,65,31,-0.14162826872532172
0,73,42,-0.14162826872532172
0,65,33,-0.14162826872532172
0,65,29,-0.14162826872532172
0,67,37,-0.14162826872532172
0,67,38,-0.14162826872532172
0,59,27,-0.14162826872532172
0,65,30,-0.14162826872532172
0,65,32,-0.14162826872532172
0,74,43,-0.14162826872532172
0,68,39,-0.14162826872532172
0,65,35,-0.14162826872532172
0,65,34,-0.14162826872532172
0,70,40,-0.14188912074839788
0,71,40,-0.14188912074839788
0,36,8,-0.14194614580734186
0,51,25,-0.14214478454186535
0,93,18,-0.14220868697124597
0,70,14,-0.14272016567266302
0,64,35,-0.14301072508337542
0,65,37,-0.14301072508337542
0,64,34,-0.14301072508337542
0,66,38,-0.14301072508337542
0,64,36,-0.14301072508337542
0,65,36,-0.14301072508337542
0,66,37,-0.14301072508337542
0,64,37,-0.14301072508337542
0,42,9,-0.1430717515882578
0,24,11,-0.14313813452692725
0,75,15,-0.14317710725532048
0,69,42,-0.14325790109038697
0,69,41,-0.14325790109038697
0,57,27,-0.14325790109038697
0,67,39,-0.14325790109038697
0,69,43,-0.14325790109038697
0,58,27,-0.14325790109038697
0,69,40,-0.14325790109038697
0,72,43,-0.14325790109038697
0,70,41,-0.14325790109038697
0,70,42,-0.14325790109038697
0,70,43,-0.14325790109038697
0,71,43,-0.14325790109038697
0,71,42,-0.14325790109038697
0,71,41,-0.14325790109038697
0,68,41,-0.14325790109038697
0,68,42,-0.14325790109038697
0,68,43,-0.14325790109038697
0,68,40,-0.14325790109038697
0,73,43,-0.14325790109038697
0,58,25,-0.143394518490129
0,60,25,-0.143394518490129
0,59,25,-0.143394518490129
0,50,18,-0.143394518490129
0,61,25,-0.143394518490129
0,50,25,-0.14350071363808053
0,48,24,-0.14377208934095592
0,47,24,-0.14377208934095592
0,46,24,-0.14377208934095592
0,57,24,-0.14395344522748973
0,56,24,-0.14395344522748973
0,56,23,-0.14395344522748973
0,40,15,-0.14397575421843656
0,54,21,-0.1442253317592581
0,62,32,-0.14439725782770452
0,62,31,-0.14439725782770452
0,62,30,-0.14439725782770452
0,63,35,-0.14439725782770452
0,63,33,-0.14439725782770452
0,63,34,-0.14439725782770452
0,62,35,-0.14439725782770452
0,63,36,-0.14439725782770452
0,62,33,-0.14439725782770452
0,62,34,-0.14439725782770452
0,68,14,-0.14459207931359536
0,64,38,-0.14464036900353325
0,65,39,-0.14464036900353325
0,65,38,-0.14464036900353325
0,66,39,-0.14464036900353325
0,64,39,-0.14464036900353325
0,67,40,-0.144879598711189
0,67,41,-0.144879598711189
0,67,42,-0.144879598711189
0,49,18,-0.1449183622990223
0,47,18,-0.1449183622990223
0,48,18,-0.1449183622990223
0,38,15,-0.14493936062616342
0,39,15,-0.14493936062616342
0,48,25,-0.14512742578691842
0,49,25,-0.14512742578691842
0,63,13,-0.1451684568560689
0,55,23,-0.145226816787981
0,60,29,-0.14577491069177623
0,61,29,-0.14577491069177623
0,60,28,-0.14577491069177623
0,74,15,-0.14583400663203785
0,63,38,-0.1460269834912823
0,63,37,-0.1460269834912823
0,45,24,-0.14649509119942222
0,44,24,-0.14649509119942222
0,54,22,-0.1467688087786032
0,52,20,-0.14729795808040072
0,51,19,-0.14729795808040072
0,60,30,-0.1474045289317248
0,60,31,-0.1474045289317248
0,59,31,-0.1474045289317248
0,60,32,-0.1474045289317248
0,60,33,-0.1474045289317248
0,60,34,-0.1474045289317248
0,59,33,-0.1474045289317248
0,59,32,-0.1474045289317248
0,58,28,-0.1474045289317248
0,61,34,-0.1474045289317248
0,58,33,-0.1474045289317248
0,61,32,-0.1474045289317248
0,59,30,-0.1474045289317248
0,58,30,-0.1474045289317248
0,61,33,-0.1474045289317248
0,61,31,-0.1474045289317248
0,58,32,-0.1474045289317248
0,58,31,-0.1474045289317248
0,61,30,-0.1474045289317248
0,58,29,-0.1474045289317248
0,59,28,-0.1474045289317248
0,59,29,-0.1474045289317248
0,62,37,-0.14763686628034078
0,62,36,-0.14763686628034078
0,64,40,-0.1478769370173444
0,65,40,-0.1478769370173444
0,66,40,-0.1478769370173444
0,69,14,-0.14852289398446955
0,50,19,-0.14857528647577256
0,62,13,-0.14858276210883883
0,56,32,-0.14880085710012875
0,57,29,-0.14880085710012875
0,57,33,-0.14880085710012875
0,57,28,-0.14880085710012875
0,57,32,-0.14880085710012875
0,56,31,-0.14880085710012875
0,56,30,-0.14880085710012875
0,56,29,-0.14880085710012875
0,57,31,-0.14880085710012875
0,56,28,-0.14880085710012875
0,57,30,-0.14880085710012875
0,55,27,-0.14880085710012875
0,55,28,-0.14880085710012875
0,55,29,-0.14880085710012875
0,55,30,-0.14880085710012875
0,55,31,-0.14880085710012875
0,56,27,-0.14880085710012875
0,51,20,-0.14883984141063356
0,51,21,-0.14883984141063356
0,52,21,-0.14883984141063356
0,53,21,-0.14883984141063356
0,61,37,-0.14901372951502911
0,61,35,-0.14901372951502911
0,61,36,-0.14901372951502911
0,63,39,-0.14926305005151785
0,62,39,-0.14926305005151785
0,62,38,-0.14926305005151785
0,50,20,-0.15012320332102727
0,52,27,-0.15017933944903297
0,53,28,-0.15017933944903297
0,54,28,-0.15017933944903297
0,52,26,-0.15017933944903297
0,53,27,-0.15017933944903297
0,53,26,-0.15017933944903297
0,54,30,-0.15017933944903297
0,54,27,-0.15017933944903297
0,54,26,-0.15017933944903297
0,54,29,-0.15017933944903297
0,99,19,-0.15030839074367913
0,59,35,-0.15063964591459264
0,59,34,-0.15063964591459264
0,60,35,-0.15063964591459264
0,58,34,-0.15063964591459264
0,48,19,-0.1514237671589706
0,47,19,-0.1514237671589706
0,49,19,-0.1514237671589706
0,51,26,-0.15178745105726782
0,34,17,-0.15247032123020013
0,36,17,-0.15247032123020013
0,35,18,-0.15247032123020013
0,35,17,-0.15247032123020013
0,35,16,-0.15247032123020013
0,35,19,-0.15247032123020013
0,34,19,-0.15247032123020013
0,34,16,-0.15247032123020013
0,33,18,-0.15247032123020013
0,36,16,-0.15247032123020013
0,33,15,-0.15247032123020013
0,36,18,-0.15247032123020013
0,36,19,-0.15247032123020013
0,36,20,-0.15247032123020013
0,33,16,-0.15247032123020013
0,33,17,-0.15247032123020013
0,34,18,-0.15247032123020013
0,34,15,-0.15247032123020013
0,33,19,-0.15247032123020013
0,42,16,-0.15250633866295554
0,45,18,-0.1527384784373659
0,46,18,-0.1527384784373659
0,32,13,-0.1527496808574325
0,33,13,-0.1527496808574325
0,56,33,-0.15295346177134853
0,37,16,-0.15299262898920513
0,38,20,-0.15299262898920513
0,38,18,-0.15299262898920513
0,38,17,-0.15299262898920513
0,38,21,-0.15299262898920513
0,38,22,-0.15299262898920513
0,37,22,-0.15299262898920513
0,39,18,-0.15299262898920513
0,39,19,-0.15299262898920513
0,37,21,-0.15299262898920513
0,39,20,-0.15299262898920513
0,39,21,-0.15299262898920513
0,39,22,-0.15299262898920513
0,37,20,-0.15299262898920513
0,37,19,-0.15299262898920513
0,40,21,-0.15299262898920513
0,40,22,-0.15299262898920513
0,37,18,-0.15299262898920513
0,37,17,-0.15299262898920513
0,41,22,-0.15299262898920513
0,42,22,-0.15299262898920513
0,42,23,-0.15299262898920513
0,38,19,-0.15299262898920513
0,31,7,-0.1530166222495638
0,30,15,-0.15320069850033674
0,31,15,-0.15320069850033674
0,29,14,-0.15320069850033674
0,31,16,-0.15320069850033674
0,36,21,-0.153302845146069
0,35,21,-0.153302845146069
0,35,20,-0.153302845146069
0,34,20,-0.153302845146069
0,32,17,-0.15342177412705507
0,32,16,-0.15342177412705507
0,32,15,-0.15342177412705507
0,87,17,-0.15349610293035804
0,88,17,-0.15354729646231338
0,31,13,-0.15361648103185252
0,59,36,-0.15388574774863403
0,60,36,-0.15388574774863403
0,31,17,-0.1541909258796214
0,29,15,-0.1541909258796214
0,29,16,-0.1541909258796214
0,30,16,-0.1541909258796214
0,33,21,-0.15427224136781062
0,33,20,-0.15427224136781062
0,34,21,-0.15427224136781062
0,55,32,-0.15433535841304505
0,54,32,-0.15433535841304505
0,54,31,-0.15433535841304505
0,55,33,-0.15433535841304505
0,32,19,-0.15445155543711037
0,32,18,-0.15445155543711037
0,30,13,-0.15469332542432776
0,37,15,-0.154865721025076
0,30,17,-0.1548834417975659
0,27,14,-0.1548834417975659
0,31,18,-0.1548834417975659
0,29,17,-0.1548834417975659
0,28,14,-0.1548834417975659
0,30,18,-0.1548834417975659
0,28,16,-0.1548834417975659
0,28,15,-0.1548834417975659
0,41,9,-0.15502483441002568
0,59,12,-0.15528937365650716
0,32,20,-0.15531796790299493
0,58,35,-0.15550624482084846
0,53,29,-0.15570427233646522
0,29,13,-0.1557586465152318
0,29,12,-0.1557586465152318
0,31,19,-0.15580245056732112
0,31,20,-0.15580245056732112
0,29,18,-0.15580245056732112
0,26,15,-0.156070875515043
0,26,14,-0.156070875515043
0,27,15,-0.156070875515043
0,26,16,-0.156070875515043
0,28,17,-0.156070875515043
0,27,17,-0.156070875515043
0,25,14,-0.156070875515043
0,27,16,-0.156070875515043
0,57,34,-0.15618582256477365
0,56,34,-0.15618582256477365
0,27,18,-0.1570032221153992
0,25,15,-0.1570032221153992
0,28,18,-0.1570032221153992
0,26,17,-0.1570032221153992
0,26,18,-0.1570032221153992
0,25,16,-0.1570032221153992
0,25,17,-0.1570032221153992
0,29,19,-0.15700715128399065
0,30,19,-0.15700715128399065
0,30,20,-0.15700715128399065
0,42,17,-0.15723382090319926
0,43,17,-0.15723382090319926
0,44,17,-0.15723382090319926
0,41,17,-0.15723382090319926
0,41,16,-0.15723382090319926
0,72,15,-0.15727116639287733
0,73,15,-0.15727116639287733
0,54,33,-0.1575665529237559
0,61,13,-0.15769249491904141
0,92,18,-0.15771130126092872
0,29,20,-0.15780106060431406
0,67,14,-0.15804349019154498
0,54,11,-0.1580616827394493
0,23,14,-0.1581595861150717
0,24,14,-0.1581595861150717
0,27,19,-0.15821877656896524
0,28,19,-0.15821877656896524
0,52,28,-0.15845312208259232
0,53,31,-0.15845312208259232
0,53,30,-0.15845312208259232
0,53,32,-0.15845312208259232
0,52,29,-0.15845312208259232
0,52,30,-0.15845312208259232
0,52,31,-0.15845312208259232
0,52,32,-0.15845312208259232
0,40,16,-0.15848439643386408
0,50,27,-0.15868512665766563
0,51,27,-0.15868512665766563
0,50,26,-0.15868512665766563
0,24,15,-0.1593887789382408
0,4,4,-0.1594453633514998
0,4,5,-0.1594453633514998
0,23,11,-0.15954861640409437
0,43,23,-0.15975309171863797
0,51,28,-0.16005524993950002
0,51,29,-0.16005524993950002
0,50,31,-0.16005524993950002
0,50,30,-0.16005524993950002
0,50,29,-0.16005524993950002
0,51,31,-0.16005524993950002
0,50,28,-0.16005524993950002
0,51,30,-0.16005524993950002
0,12,2,-0.16009932663291213
0,49,26,-0.16030914402349028
0,3,4,-0.16089724346879405
0,2,3,-0.16089724346879405
0,1,3,-0.16089724346879405
0,2,4,-0.16089724346879405
0,36,15,-0.1610483994713811
0,35,15,-0.1610483994713811
0,22,14,-0.16111625228281834
0,22,13,-0.16111625228281834
0,25,6,-0.16121420814545456
0,21,12,-0.16130627504120654
0,20,12,-0.16130627504120654
0,16,3,-0.1614931259227641
0,23,15,-0.16164338051840238
0,48,27,-0.16167849847390042
0,48,28,-0.16167849847390042
0,48,29,-0.16167849847390042
0,48,26,-0.16167849847390042
0,49,27,-0.16167849847390042
0,48,30,-0.16167849847390042
0,49,28,-0.16167849847390042
0,49,29,-0.16167849847390042
0,49,30,-0.16167849847390042
0,33,14,-0.16231183802443844
0,34,14,-0.16231183802443844
0,21,13,-0.16234621549918085
0,23,16,-0.16239592753665216
0,24,16,-0.16239592753665216
0,22,16,-0.16239592753665216
0,22,15,-0.16239592753665216
0,98,20,-0.1628917470857537
0,47,25,-0.16305754055835703
0,47,29,-0.16305754055835703
0,47,28,-0.16305754055835703
0,47,27,-0.16305754055835703
0,47,26,-0.16305754055835703
0,31,14,-0.16333890890462235
0,30,14,-0.16333890890462235
0,32,14,-0.16342441003142996
0,20,13,-0.1636379548479575
0,21,14,-0.1636379548479575
0,21,15,-0.1636379548479575
0,48,10,-0.16409801152478587
0,45,26,-0.16442988317697818
0,45,27,-0.16442988317697818
0,46,25,-0.16442988317697818
0,45,28,-0.16442988317697818
0,46,26,-0.16442988317697818
0,46,27,-0.16442988317697818
0,46,28,-0.16442988317697818
0,45,25,-0.16442988317697818
0,20,15,-0.16489445298317754
0,20,14,-0.16489445298317754
0,66,14,-0.16502472689454317
0,78,16,-0.16547663045539265
0,44,25,-0.16579746033281195
0,44,26,-0.16579746033281195
0,44,27,-0.16579746033281195
0,19,14,-0.16621477735085713
0,19,12,-0.16621477735085713
0,19,13,-0.16621477735085713
0,34,13,-0.16862240465221856
0,18,12,-0.16867226384925998
0,19,10,-0.168867450033544
0,71,15,-0.16949413923275616
0,16,10,-0.16950385693339998
0,17,11,-0.16950385693339998
0,28,12,-0.16999787247258574
0,27,12,-0.16999787247258574
0,43,24,-0.17038408731502117
0,16,11,-0.1707450873731121
0,26,12,-0.1711330014935163
0,27,13,-0.1711330014935163
0,25,12,-0.1711330014935163
0,26,13,-0.1711330014935163
0,25,13,-0.1711330014935163
0,28,13,-0.1711330014935163
0,12,8,-0.17198644328026186
0,15,11,-0.17208288994295984
0,15,10,-0.17208288994295984
0,21,5,-0.17230837839466648
0,70,15,-0.17271827230839087
0,22,11,-0.17295705769881428
0,26,19,-0.17303111056078938
0,14,10,-0.17331105791939902
0,24,12,-0.17359651654905542
0,23,12,-0.17359651654905542
0,24,6,-0.17380006275387216
0,30,7,-0.17393633189347135
0,24,13,-0.17419628062656778
0,26,20,-0.17441644261883937
0,27,20,-0.17441644261883937
0,21,17,-0.17441644261883937
0,21,16,-0.17441644261883937
0,22,17,-0.17441644261883937
0,24,18,-0.17441644261883937
0,25,20,-0.17441644261883937
0,24,17,-0.17441644261883937
0,25,19,-0.17441644261883937
0,25,18,-0.17441644261883937
0,23,18,-0.17441644261883937
0,28,20,-0.17441644261883937
0,23,17,-0.17441644261883937
0,10,6,-0.17459721294283312
0,11,7,-0.1746329754242855
0,23,13,-0.17503008797748623
0,24,19,-0.17586544284710773
0,22,18,-0.17596352739383103
0,18,17,-0.17601974617971594
0,18,16,-0.17601974617971594
0,18,15,-0.17601974617971594
0,18,14,-0.17601974617971594
0,18,13,-0.17601974617971594
0,19,17,-0.17601974617971594
0,19,15,-0.17601974617971594
0,20,16,-0.17601974617971594
0,20,17,-0.17601974617971594
0,19,16,-0.17601974617971594
0,41,23,-0.1766169283824996
0,36,22,-0.17689575837738405
0,22,12,-0.17694552661181026
0,19,18,-0.17757311939960332
0,17,12,-0.17757311939960332
0,21,18,-0.17757311939960332
0,17,14,-0.17757311939960332
0,17,15,-0.17757311939960332
0,17,13,-0.17757311939960332
0,20,18,-0.17757311939960332
0,35,22,-0.1782528215439821
0,34,22,-0.1782528215439821
0,21,11,-0.17831828573381672
0,53,11,-0.1786484441527553
0,35,8,-0.17892781097285926
0,17,17,-0.17909622846513018
0,17,16,-0.17909622846513018
0,16,12,-0.17915834464393202
0,86,17,-0.17921089026907364
0,31,21,-0.1796319652130126
0,32,21,-0.1796319652130126
0,9,6,-0.1799487918205252
0,14,11,-0.17998203931877332
0,16,14,-0.18065765508938939
0,16,13,-0.18065765508938939
0,82,18,-0.1807791569779462
0,10,7,-0.18121313314719595
0,20,11,-0.18155818037252305
0,16,15,-0.1821850852715533
0,19,11,-0.18374794256218327
0,47,10,-0.1851336454342169
0,15,13,-0.18523506345808802
0,15,12,-0.18523506345808802
0,7,5,-0.18583842486406432
0,11,8,-0.18628899182836237
0,18,11,-0.18634585821775548
0,18,10,-0.18634585821775548
0,98,19,-0.18689509367376048
0,6,5,-0.18716987240138186
0,77,16,-0.18729039498020408
0,10,8,-0.18766020247604362
0,60,13,-0.18843416340623453
0,5,5,-0.18859614861339083
0,17,10,-0.18900715779410085
0,8,6,-0.19036874298600878
0,8,7,-0.19036874298600878
0,9,7,-0.19036874298600878
0,17,4,-0.1929062007918254
0,15,9,-0.19308148131935537
0,97,20,-0.19404310449279658
0,52,11,-0.19442298249155504
0,58,12,-0.19498756236589584
0,14,9,-0.19568584836911948
0,7,6,-0.19576137783087094
0,6,6,-0.19576137783087094
0,96,20,-0.19598715267964392
0,12,9,-0.19678284504426757
0,13,9,-0.19694924031618155
0,15,3,-0.19709444504340395
0,69,15,-0.2002259953974752
0,29,7,-0.20023727082066653
0,85,17,-0.20278843045617428
0,81,18,-0.20319186948738283
0,57,12,-0.20431602351385042
0,40,9,-0.20492364551983042
0,76,16,-0.2057900408033981
0,99,25,-0.20713915544913344
0,97,25,-0.21025010561478477
0,98,25,-0.21025010561478477
0,51,11,-0.21105860552970745
0,99,26,-0.211442509735567
0,80,18,-0.21259230530748574
0,64,14,-0.2126444245377375
0,65,14,-0.2126444245377375
0,75,16,-0.21288882043179885
0,39,9,-0.21407239700104222
0,97,26,-0.2158628309265646
0,98,26,-0.2158628309265646
0,93,24,-0.2158628309265646
0,94,24,-0.2158628309265646
0,46,10,-0.21620936136700955
0,99,21,-0.21632164500628856
0,96,25,-0.21751835718830093
0,96,19,-0.2186318287638514
0,11,2,-0.21884740633649713
0,92,24,-0.22050405878287144
0,90,18,-0.22073892898543068
0,91,18,-0.2207577968559816
0,97,19,-0.22102809186525008
0,97,21,-0.22189279171521495
0,98,21,-0.22189279171521495
0,56,12,-0.22218125957370824
0,34,8,-0.222203391271875
0,99,20,-0.22250791648453036
0,74,16,-0.2232543709848993
0,95,19,-0.22378201028152078
0,95,20,-0.22612412816662814
0,38,9,-0.2271571741741306
0,94,19,-0.2275168520681956
0,82,17,-0.22759506116200642
0,79,22,-0.2276059089859052
0,78,22,-0.2276059089859052
0,80,22,-0.2276059089859052
0,81,22,-0.2276059089859052
0,94,20,-0.23141030622650838
0,89,18,-0.2316513762323358
0,93,20,-0.23191998669357428
0,45,10,-0.23254232406153696
0,73,16,-0.23276573313509172
0,23,6,-0.2328249270750634
0,92,20,-0.2343560157939796
0,83,17,-0.2344716693883511
0,84,17,-0.2344716693883511
0,91,20,-0.2349346060675703
0,86,23,-0.2378582341847626
0,87,23,-0.2378582341847626
0,96,21,-0.23803232304848077
0,81,17,-0.2389382473774745
0,80,17,-0.2389382473774745
0,79,18,-0.23913475346724739
0,78,18,-0.23913475346724739
0,44,10,-0.2398871966391385
0,95,21,-0.24060810978021355
0,28,7,-0.24107407912256446
0,94,21,-0.24236308005805607
0,77,22,-0.24250489094004785
0,85,18,-0.2438033929219379
0,76,22,-0.24580740174170423
0,99,22,-0.24598002598729707
0,84,18,-0.24770223488794527
0,83,18,-0.2483100962032505
0,37,9,-0.24900803397451057
0,59,13,-0.24906055949561937
0,90,20,-0.24973205339247817
0,72,16,-0.2500652653852733
0,88,18,-0.25169352281716173
0,63,14,-0.25173204415785044
0,77,18,-0.2522723731986379
0,85,19,-0.25253970647750007
0,79,17,-0.2527825255952991
0,87,18,-0.25501922058170445
0,93,21,-0.2564099011615786
0,86,18,-0.2564693759084057
0,16,4,-0.2567793009312697
0,50,11,-0.2575877918815973
0,92,21,-0.2575982389702356
0,83,19,-0.25805072581476945
0,84,19,-0.25805072581476945
0,43,10,-0.2585160682044121
0,68,15,-0.2592284023843201
0,89,20,-0.25952822190368247
0,88,20,-0.260653557000291
0,91,21,-0.26069044938006564
0,20,5,-0.26126576435145915
0,93,19,-0.2625534997974769
0,42,15,-0.26272703948072107
0,35,13,-0.26314326212178246
0,36,13,-0.26314326212178246
0,71,16,-0.263267222706689
0,82,19,-0.26332874486013563
0,67,15,-0.26378246134928995
0,27,7,-0.2638260300488576
0,92,19,-0.26744608647081813
0,91,19,-0.2689171828328118
0,49,11,-0.2697785237607552
0,88,19,-0.26981675847809955
0,55,12,-0.27011245104962106
0,90,19,-0.27016548052101874
0,66,15,-0.2704920229409184
0,33,8,-0.2715751944971803
0,76,18,-0.27318818761716024
0,26,11,-0.27404585677159365
0,37,14,-0.2740942584935159
0,81,19,-0.27476312714606294
0,22,6,-0.27481531701311684
0,36,9,-0.27485438055578637
0,25,11,-0.2752042716149326
0,89,19,-0.27524559719974634
0,48,11,-0.2764467754383746
0,14,3,-0.27980325048651333
0,35,14,-0.2802019300058753
0,36,14,-0.2802019300058753
0,26,7,-0.2808486972656905
0,47,11,-0.2822939032181338
0,87,19,-0.2825940560777844
0,77,17,-0.28338480334459754
0,62,14,-0.2837604321202161
0,78,17,-0.2848478649007533
0,31,12,-0.28542352152788036
0,58,13,-0.28577231629360667
0,75,18,-0.2858087259633371
0,76,17,-0.2862207187924169
0,87,20,-0.28626104454424767
0,30,12,-0.2865382528156314
0,74,18,-0.2869791910121595
0,86,20,-0.2876633951003948
0,10,2,-0.29000541417923437
0,31,8,-0.2900055980168326
0,90,21,-0.2910809883120215
0,32,8,-0.29131757583862616
0,42,10,-0.29158793812408407
0,73,18,-0.29190754931887425
0,98,22,-0.2923371685329423
0,56,14,-0.29286551692096935
0,72,18,-0.29327277703757515
0,70,16,-0.2933734528652373
0,97,22,-0.29345533130844553
0,54,12,-0.2935629053006132
0,41,10,-0.295041972970464
0,57,13,-0.29579918485607076
0,61,15,-0.2970649874267795
0,40,10,-0.29771222309919076
0,60,15,-0.2980780701883845
0,19,5,-0.2991243499883584
0,80,19,-0.2993699414209575
0,59,15,-0.30362726650757843
0,55,14,-0.3037184061638741
0,54,14,-0.3076971035116982
0,86,19,-0.30822368778701537
0,35,9,-0.30892537985216567
0,85,20,-0.30937154398727096
0,58,15,-0.3094501469464012
0,61,14,-0.31137379341604704
0,99,23,-0.3123744442857257
0,65,15,-0.31279284875710006
0,46,11,-0.31302205705382274
0,64,15,-0.3137302860831687
0,98,23,-0.31377918594491283
0,53,12,-0.313988090670968
0,34,9,-0.3140916397870789
0,97,23,-0.3148945435032867
0,30,8,-0.3157090046856958
0,96,22,-0.31595990183542666
0,69,16,-0.31624852036527756
0,71,18,-0.31743443208936434
0,63,16,-0.3184715624056795
0,70,18,-0.31863122599027127
0,94,22,-0.3187676560993539
0,95,22,-0.3187676560993539
0,75,17,-0.3204215034498352
0,25,7,-0.32349859564476924
0,33,9,-0.32557414062864565
0,53,14,-0.3258722745879743
0,79,19,-0.3262691293498146
0,21,6,-0.3267295008974612
0,74,17,-0.32754821917488336
0,68,16,-0.32762944832372043
0,73,17,-0.3285275126637611
0,72,17,-0.3285275126637611
0,51,13,-0.33062145255394026
0,45,11,-0.3317537385411316
0,88,21,-0.3319183636891647
0,89,21,-0.3319183636891647
0,87,21,-0.3319183636891647
0,63,15,-0.3319613877645783
0,39,10,-0.3320200831115301
0,62,16,-0.3325537075283029
0,56,13,-0.33322541681747786
0,65,17,-0.3332615595043756
0,64,17,-0.3332615595043756
0,50,13,-0.33371901203642146
0,61,16,-0.33393691862655284
0,83,20,-0.3344468171084381
0,84,20,-0.3344468171084381
0,44,11,-0.33550344190195225
0,96,23,-0.33592765423849186
0,12,3,-0.3369990211444789
0,52,12,-0.33718930947135495
0,49,13,-0.3375364911484192
0,24,7,-0.3380484040710024
0,63,17,-0.33850151483170204
0,57,15,-0.33957932876390434
0,56,15,-0.3418646298932557
0,48,13,-0.34260666466666406
0,55,15,-0.3432992109851551
0,15,4,-0.3436111435444559
0,29,8,-0.34409926637134003
0,93,22,-0.34534825765887817
0,32,9,-0.3464177910641471
0,92,22,-0.3467925026166081
0,42,11,-0.34782631609485026
0,43,11,-0.3482526241563567
0,60,14,-0.34836453393897904
0,18,5,-0.34845828591675043
0,55,13,-0.34999967029523243
0,67,16,-0.35133061332778426
0,38,10,-0.3514345504966516
0,41,11,-0.35153190812367585
0,28,8,-0.35211758862867926
0,59,14,-0.3524395194024314
0,71,17,-0.354401939461147
0,37,10,-0.35561959674612414
0,13,3,-0.35605071465514887
0,62,15,-0.35795477950618027
0,70,17,-0.35839365690223757
0,47,13,-0.35932942881786184
0,46,13,-0.3603618012292911
0,86,21,-0.36054408774596414
0,69,17,-0.3611494539000723
0,78,19,-0.36163739482329077
0,77,19,-0.36163739482329077
0,85,21,-0.3616737169984172
0,62,17,-0.36247167290675697
0,99,24,-0.3628467444420669
0,69,18,-0.363814080222289
0,44,13,-0.36438806328710877
0,45,13,-0.36438806328710877
0,51,12,-0.36461433983185504
0,84,21,-0.3647549082996386
0,68,18,-0.3652582059137017
0,43,13,-0.36570853724597263
0,83,21,-0.36581820224738576
0,60,16,-0.36609172561714975
0,98,24,-0.3669699418385722
0,82,20,-0.3673051622756326
0,66,18,-0.36784996836698364
0,67,18,-0.36784996836698364
0,81,20,-0.3683172367441776
0,95,23,-0.36956127440577724
0,58,14,-0.37024763537857214
0,97,24,-0.3712715372279852
0,66,16,-0.3721335417560045
0,42,13,-0.3727395923224844
0,93,23,-0.3734667869537334
0,64,16,-0.3734833049796063
0,65,16,-0.3734833049796063
0,94,23,-0.3739044747134904
0,23,7,-0.3748431696689318
0,82,21,-0.3749144322862212
0,40,11,-0.37519938693059357
0,79,20,-0.37619750472770924
0,80,20,-0.37619750472770924
0,39,11,-0.37636504721361863
0,81,21,-0.3773562120114454
0,78,20,-0.3777413954385981
0,77,20,-0.3777413954385981
0,65,18,-0.37797556576465424
0,96,24,-0.37853415293986603
0,90,22,-0.3786562596070778
0,88,22,-0.3786562596070778
0,89,22,-0.3786562596070778
0,91,22,-0.3786562596070778
0,76,19,-0.37890334532539377
0,74,19,-0.37890334532539377
0,76,20,-0.37890334532539377
0,75,19,-0.37890334532539377
0,80,21,-0.37890334532539377
0,75,20,-0.37890334532539377
0,78,21,-0.37890334532539377
0,79,21,-0.37890334532539377
0,57,14,-0.3792173093672126
0,31,9,-0.37926121528395573
0,91,23,-0.3793034757322149
0,87,22,-0.3798824769707069
0,74,20,-0.38005902093629507
0,68,17,-0.3803348137239547
0,95,24,-0.38107523631778933
0,86,22,-0.3818779569825106
0,92,23,-0.3821358945241499
0,67,17,-0.38295160247406335
0,85,22,-0.3829636307871726
0,73,19,-0.38390887170691335
0,73,20,-0.38390887170691335
0,72,20,-0.38390887170691335
0,72,19,-0.38390887170691335
0,54,15,-0.38418537255016355
0,50,12,-0.38536665345173304
0,54,13,-0.38585515740402504
0,27,8,-0.38607784973763387
0,71,19,-0.3866992303030716
0,70,19,-0.38786070740252143
0,52,14,-0.3880909400298106
0,53,15,-0.38811679791474835
0,83,22,-0.3887459385778784
0,84,22,-0.3887459385778784
0,36,10,-0.3891964201229829
0,69,19,-0.3893224797535834
0,68,19,-0.3893224797535834
0,51,14,-0.3900514792544975
0,90,23,-0.3903931466237136
0,59,16,-0.3906143038467398
0,41,13,-0.39169275516848534
0,20,6,-0.3917765200803784
0,35,10,-0.39203925458158134
0,17,5,-0.3935191899439204
0,53,13,-0.3938988987310023
0,49,14,-0.3960164982275048
0,48,14,-0.3960164982275048
0,50,14,-0.3960164982275048
0,77,21,-0.397125186100333
0,76,21,-0.397125186100333
0,71,20,-0.3974236854587455
0,9,2,-0.3980169809312731
0,14,4,-0.3982398274988124
0,52,13,-0.3982549142971351
0,75,21,-0.39827465326364736
0,74,21,-0.39827465326364736
0,69,20,-0.39858548709819047
0,70,20,-0.39858548709819047
0,68,20,-0.39858548709819047
0,38,11,-0.39875192280780425
0,49,12,-0.39887202289623014
0,38,12,-0.3996458194041631
0,48,12,-0.3998769155882474
0,82,22,-0.39994582919188615
0,64,18,-0.40028057803359945
0,63,18,-0.4014354779346937
0,67,19,-0.40184371686342546
0,29,11,-0.40295368885479965
0,30,9,-0.40327288256481386
0,52,15,-0.4037351529360506
0,89,23,-0.4038195710267962
0,88,23,-0.4038195710267962
0,28,11,-0.4041767678737621
0,61,17,-0.40578386594900007
0,66,17,-0.4064293130804733
0,47,14,-0.4071285515211216
0,40,13,-0.40716330327073563
0,27,11,-0.4076322544160168
0,22,7,-0.40776816393433124
0,66,19,-0.4080529348500151
0,47,12,-0.4087774900885327
0,34,10,-0.4096699637513091
0,58,16,-0.41026188944790715
0,65,19,-0.41086598433418936
0,73,21,-0.41087374694345763
0,46,12,-0.41236725756782505
0,46,14,-0.41321084070032277
0,57,16,-0.4132538569842688
0,11,3,-0.4149080423555761
0,33,10,-0.41498757888984583
0,56,16,-0.41681107907101195
0,45,14,-0.4172994835272753
0,72,21,-0.41802717952383817
0,45,12,-0.41892753341475764
0,44,12,-0.41892753341475764
0,51,15,-0.4192789604869976
0,37,12,-0.419854684712831
0,59,17,-0.42119915545750625
0,60,17,-0.42119915545750625
0,26,8,-0.4223809758672616
0,66,20,-0.4231119516087981
0,67,20,-0.4231119516087981
0,71,21,-0.42334600270537104
0,29,9,-0.4233612831108668
0,32,10,-0.4233668115049797
0,58,17,-0.4234982540109335
0,37,11,-0.4241782980904334
0,68,21,-0.42449151161171234
0,69,21,-0.42449151161171234
0,70,21,-0.42449151161171234
0,64,19,-0.4258978934927288
0,36,11,-0.426804144162705
0,63,19,-0.4270421496465625
0,60,18,-0.4275370023608863
0,61,18,-0.4275370023608863
0,62,19,-0.4275370023608863
0,55,16,-0.42767346143902263
0,26,9,-0.4277429544782756
0,62,18,-0.4285875298570992
0,28,9,-0.4287732678001995
0,64,20,-0.4289590448103417
0,64,21,-0.4289590448103417
0,65,20,-0.4289590448103417
0,66,21,-0.4289590448103417
0,67,21,-0.4289590448103417
0,65,21,-0.4289590448103417
0,19,6,-0.4293361617884274
0,44,14,-0.42945445256240533
0,43,14,-0.42945445256240533
0,60,19,-0.42979851776974487
0,61,19,-0.42979851776974487
0,59,18,-0.42979851776974487
0,59,19,-0.42979851776974487
0,27,9,-0.4300162679285124
0,63,20,-0.4300795790927368
0,62,20,-0.4300795790927368
0,39,13,-0.43033851730035266
0,54,16,-0.4309493996367044
0,41,14,-0.43098780526036334
0,42,14,-0.43098780526036334
0,58,18,-0.4311285829492879
0,58,19,-0.4311285829492879
0,57,18,-0.4311285829492879
0,57,17,-0.4311285829492879
0,53,16,-0.4322188480376699
0,52,16,-0.4322188480376699
0,54,17,-0.4322794673812131
0,56,17,-0.4322794673812131
0,55,18,-0.4322794673812131
0,55,17,-0.4322794673812131
0,56,18,-0.4322794673812131
0,63,21,-0.4323305750663133
0,59,20,-0.4323305750663133
0,61,21,-0.4323305750663133
0,61,20,-0.4323305750663133
0,60,20,-0.4323305750663133
0,59,21,-0.4323305750663133
0,60,21,-0.4323305750663133
0,62,21,-0.4323305750663133
0,38,13,-0.4332327240750796
0,58,20,-0.43366104629065305
0,57,19,-0.43366104629065305
0,8,5,-0.43402704898851696
0,56,19,-0.43480712473901684
0,53,17,-0.43480712473901684
0,51,16,-0.43644775068878117
0,16,5,-0.43750857203351845
0,51,18,-0.43777838156419874
0,53,18,-0.43777838156419874
0,54,18,-0.43777838156419874
0,51,17,-0.43777838156419874
0,52,17,-0.43777838156419874
0,52,18,-0.43777838156419874
0,50,15,-0.4392595977061252
0,50,16,-0.4392704654454295
0,37,13,-0.44220357473949484
0,36,12,-0.44257963750191676
0,49,17,-0.443438239692281
0,50,17,-0.443438239692281
0,49,16,-0.443438239692281
0,49,15,-0.44380487922545575
0,48,16,-0.4449365849563964
0,48,15,-0.4453318649253944
0,25,9,-0.44580036708105447
0,46,15,-0.447991365488936
0,47,15,-0.447991365488936
0,43,15,-0.447991365488936
0,44,15,-0.447991365488936
0,45,15,-0.447991365488936
0,25,8,-0.4480374848322075
0,35,12,-0.4499954109412853
0,21,7,-0.45033001040743864
0,34,12,-0.45151438439612557
0,42,12,-0.45223048619696843
0,43,12,-0.45223048619696843
0,40,14,-0.4524504289810469
0,33,12,-0.45268472974011165
0,35,11,-0.45604102232128413
0,38,14,-0.45965545755761056
0,39,14,-0.45965545755761056
0,13,4,-0.4599109535978536
0,24,9,-0.46002996865029355
0,41,12,-0.4636033520443525
0,18,6,-0.4666470574002669
0,31,10,-0.4670535784517534
0,40,12,-0.4674332684662357
0,28,10,-0.4687196856735809
0,23,9,-0.4708136730506992
0,32,12,-0.47086961941638983
0,20,8,-0.47191997867911184
0,24,8,-0.47475913083194665
0,22,9,-0.4779395961225963
0,15,5,-0.4786395560266597
0,21,9,-0.4794244528653019
0,20,7,-0.4800369878951129
0,23,8,-0.4803424753823551
0,26,10,-0.4804555460787956
0,27,10,-0.48472318715060836
0,30,10,-0.48511918260189774
0,39,12,-0.4877875256026334
0,10,3,-0.48868462572271226
0,29,10,-0.4908183327602481
0,8,2,-0.4911217891574233
0,18,7,-0.496915416006242
0,20,9,-0.49785891937197496
0,22,8,-0.49795781978496867
0,12,4,-0.49935502531887327
0,34,11,-0.49975054583259376
0,21,10,-0.5005259289775524
0,19,8,-0.5038706186527702
0,23,10,-0.5047998272109702
0,20,10,-0.5057155245460806
0,25,10,-0.5087042252569939
0,22,10,-0.5088169828533224
0,17,6,-0.5097226518301567
0,24,10,-0.5113522992602121
0,33,11,-0.5158767973979076
0,18,9,-0.5160856225865889
0,17,7,-0.5180210477396007
0,11,6,-0.520002297235638
0,18,8,-0.5218766511187979
0,19,9,-0.5230918855423295
0,32,11,-0.5233056204875408
0,21,8,-0.5241391813720274
0,13,7,-0.5260604003689806
0,14,5,-0.5260713630047038
0,16,7,-0.5316508527134549
0,17,9,-0.5322203118674493
0,31,11,-0.5325630738481532
0,19,7,-0.5342975600098621
0,16,9,-0.5363268819576256
0,13,8,-0.5377684638158329
0,9,3,-0.538504153809082
0,15,7,-0.5389833016391138
0,12,7,-0.5396316700370383
0,17,8,-0.5401189759672372
0,11,4,-0.5412284633894596
0,16,8,-0.5429124626925828
0,12,6,-0.5451991857166679
0,30,11,-0.546860129558769
0,7,2,-0.5476405596847513
0,15,8,-0.5502555772899789
0,16,6,-0.5509378343513387
0,14,8,-0.5512623090938668
0,14,7,-0.5520117865654546
0,13,5,-0.5657644937325074
0,10,5,-0.5713536982598612
0,10,4,-0.5719969868257504
0,15,6,-0.5726374847173505
0,3,3,-0.5737085639335622
0,12,5,-0.5764851448215189
0,6,4,-0.5881598563210205
0,9,5,-0.5905264319631893
0,14,6,-0.5955604986343239
0,5,4,-0.5980795880807775
0,8,3,-0.5987821412679719
0,8,4,-0.599936030687909
0,11,5,-0.6008314008581772
0,7,4,-0.6016436006028408
0,4,3,-0.6110580119123307
0,13,6,-0.6119606123493639
0,7,3,-0.6217059133125418
0,6,2,-0.6225209308057318
0,9,4,-0.6239473248350011
0,6,3,-0.6473151341811
0,5,3,-0.6553343137505583
0,1,2,-0.6895233443832958
0,5,2,-0.6941643760687686
0,4,2,-0.7415506104389673
0,2,2,-0.7679283274052938
0,3,2,-0.8109021607450428
